Dairy Name,Dairy Address,Average Milk Cows,Average Dry Cows,Average Bred Heifers,Average Heifers,Average Calves (4-6 mo.),Average Calves (0-3 mo.),Average Other/Unspecified Head,filename,Average Milk Production (kg per cow),Average Milk Production (L per cow),Reported Annual Milk Production (L),Total Herd Size,Total Applied N (lbs),Total Reported N (lbs),Unaccounted For N (lbs),Total Applied P (lbs),Total Reported P (lbs),Unaccounted For P (lbs),Total Applied K (lbs),Total Reported K (lbs),Unaccounted For K (lbs),Total Applied Salt (lbs),Total Reported Salt (lbs),Unaccounted For Salt (lbs),Total Wastewater Generated (L),Wastewater to Reported Milk Ratio,estimated_annual_milk_production_l,wastewater_estimated,Wastewater to Estimated Milk Ratio,Wastewater Ratio Discrepancy,Calculated Manure Factor,Manure Factor Discrepancy,USDA N Estimate (lbs),UCCE N Estimate (lbs),Nitrogen Discrepancy,USDA Nitrogen % Deviation,UCCE Nitrogen % Deviation,Total Manure Excreted (tons),Average Milk Production (lb per cow per day),Total Dry Manure Generated N After Ammonia Losses (lbs),Total Dry Manure Generated N (lbs),Total Dry Manure Generated P (lbs),Total Dry Manure Generated K (lbs),Total Dry Manure Generated Salt (lbs),Total Process Wastewater Generated (gals),Total Process Wastewater Generated N (lbs),Total Process Wastewater Generated P (lbs),Total Process Wastewater Generated K (lbs),Total Process Wastewater Generated Salt (lbs),Applied N Dry Manure (lbs),Applied P Dry Manure (lbs),Applied K Dry Manure (lbs),Applied Salt Dry Manure (lbs),Applied Process Wastewater (gals),Applied Process Wastewater N (lbs),Applied Process Wastewater P (lbs),Applied Process Wastewater K (lbs),Applied Process Wastewater Salt (lbs),Applied to Removed Ratio N,Applied to Removed Ratio P,Applied to Removed Ratio K,Applied to Removed Ratio Salt,Operator Name,Hauling Company,Destination Address,Manure Amount,Manure Solids Content
4-H Calf Ranch,9200 Edison Avenue,0.0,0.0,,0.0,,4500.0,0.0,R8_animals.csv,0.0,0.0,0.0,4500.0,0.0,0.0,0.0,0.0,0.0,0.0,0.0,0.0,0.0,0.0,0.0,0.0,0.0,0.0,0.0,0.0,0.0,0.0,0.0,0.0,0.0,29070.0,0.0,0.0,0.0,,,,,,,,,,,,,,,,,,,,,,,,,,,,,,
4-H Calf Ranch,9200 Edison Avenue,0.0,0.0,,0.0,,4500.0,0.0,R8_animals.csv,0.0,0.0,0.0,4500.0,0.0,0.0,0.0,0.0,0.0,0.0,0.0,0.0,0.0,0.0,0.0,0.0,0.0,0.0,0.0,0.0,0.0,0.0,0.0,0.0,0.0,29070.0,0.0,0.0,0.0,,,,,,,,,,,,,,,,,,,,,,,,,,,,,,
American Beef Packers,7777 Schaefer Avenue,0.0,776.0,,21.0,,0.0,16.0,R8_animals.csv,0.0,0.0,0.0,813.0,0.0,0.0,0.0,0.0,0.0,0.0,0.0,0.0,0.0,0.0,0.0,0.0,0.0,0.0,8998416.8815232,9268369.387968896,0.0,0.0,0.0,0.0,0.0,41513.252,0.0,0.0,0.0,,,,,,,,,,,,,,,,,,,,,,,,,,,,,,
Art Venegas Dairy - Euclid,13835 Euclid Avenue,90.0,25.0,,60.0,,20.0,0.0,R8_animals.csv,0.0,0.0,0.0,195.0,0.0,0.0,0.0,0.0,0.0,0.0,0.0,0.0,0.0,0.0,0.0,0.0,0.0,0.0,1333528.274968,1373534.12321704,0.0,0.0,0.0,0.0,0.0,7383.78,0.0,0.0,0.0,,,,,,,,,,,,,,,,,,,,,,,,,,,,,,
Boersma Dairy,4050 Ramona Expressway,872.0,140.0,,140.0,,130.0,0.0,R8_animals.csv,0.0,0.0,0.0,1282.0,0.0,0.0,0.0,0.0,0.0,0.0,0.0,0.0,0.0,0.0,0.0,0.0,0.0,0.0,11735048.8197184,12087100.284309952,0.0,0.0,0.0,0.0,0.0,57160.664,0.0,0.0,0.0,,,,,,,,,,,,,,,,,,,,,,,,,,,,,,
Boersma Dairy,4050 Ramona Expressway,872.0,140.0,,140.0,,130.0,0.0,R8_animals.csv,0.0,0.0,0.0,1282.0,0.0,0.0,0.0,0.0,0.0,0.0,0.0,0.0,0.0,0.0,0.0,0.0,0.0,0.0,11735048.8197184,12087100.284309952,0.0,0.0,0.0,0.0,0.0,57160.664,0.0,0.0,0.0,,,,,,,,,,,,,,,,,,,,,,,,,,,,,,
Boersma Dairy,4050 Ramona Expressway,872.0,140.0,,140.0,,130.0,0.0,R8_animals.csv,0.0,0.0,0.0,1282.0,0.0,0.0,0.0,0.0,0.0,0.0,0.0,0.0,0.0,0.0,0.0,0.0,0.0,0.0,11735048.8197184,12087100.284309952,0.0,0.0,0.0,0.0,0.0,57160.664,0.0,0.0,0.0,,,,,,,,,,,,,,,,,,,,,,,,,,,,,,
Boys Republic Farm,1907 Boys Republic Drive,0.0,77.0,,23.0,,40.0,5.0,R8_animals.csv,0.0,0.0,0.0,145.0,0.0,0.0,0.0,0.0,0.0,0.0,0.0,0.0,0.0,0.0,0.0,0.0,0.0,0.0,892884.1493264,919670.673806192,0.0,0.0,0.0,0.0,0.0,4782.9839999999995,0.0,0.0,0.0,,,,,,,,,,,,,,,,,,,,,,,,,,,,,,
Bryan and Sons LLC (Gordon Hay Inc Dairy #8),13575 Walker Avenue,485.0,90.0,,10.0,,0.0,0.0,R8_animals.csv,0.0,0.0,0.0,585.0,0.0,0.0,0.0,0.0,0.0,0.0,0.0,0.0,0.0,0.0,0.0,0.0,0.0,0.0,6667641.374840001,6867670.616085201,0.0,0.0,0.0,0.0,0.0,30652.699999999993,0.0,0.0,0.0,,,,,,,,,,,,,,,,,,,,,,,,,,,,,,
Chino Valley Dairy #1,2733 Cottonwood Avenue,1050.0,150.0,,300.0,,0.0,0.0,R8_animals.csv,0.0,0.0,0.0,1500.0,0.0,0.0,0.0,0.0,0.0,0.0,0.0,0.0,0.0,0.0,0.0,0.0,0.0,0.0,13915077.651840001,14332529.981395202,0.0,0.0,0.0,0.0,0.0,69380.4,0.0,0.0,0.0,,,,,,,,,,,,,,,,,,,,,,,,,,,,,,
Chino Valley Dairy #1,2733 Cottonwood Avenue,1050.0,150.0,,300.0,,0.0,0.0,R8_animals.csv,0.0,0.0,0.0,1500.0,0.0,0.0,0.0,0.0,0.0,0.0,0.0,0.0,0.0,0.0,0.0,0.0,0.0,0.0,13915077.651840001,14332529.981395202,0.0,0.0,0.0,0.0,0.0,69380.4,0.0,0.0,0.0,,,,,,,,,,,,,,,,,,,,,,,,,,,,,,
Chino Valley Dairy #2,36580 Ramona Expressway,400.0,65.0,,0.0,,0.0,0.0,R8_animals.csv,0.0,0.0,0.0,465.0,0.0,0.0,0.0,0.0,0.0,0.0,0.0,0.0,0.0,0.0,0.0,0.0,0.0,0.0,5392092.5900880005,5553855.36779064,0.0,0.0,0.0,0.0,0.0,24631.979999999996,0.0,0.0,0.0,,,,,,,,,,,,,,,,,,,,,,,,,,,,,,
Chino Valley Dairy #3 ,,0.0,0.0,,0.0,,0.0,0.0,R8_animals.csv,0.0,0.0,0.0,0.0,0.0,0.0,0.0,0.0,0.0,0.0,0.0,0.0,0.0,0.0,0.0,0.0,0.0,0.0,0.0,0.0,0.0,0.0,0.0,0.0,0.0,0.0,0.0,0.0,0.0,,,,,,,,,,,,,,,,,,,,,,,,,,,,,,
Dick Van Dam Dairy,3180 Cottonwood Avenue,1340.0,130.0,,1200.0,,200.0,0.0,R8_animals.csv,0.0,0.0,0.0,2870.0,0.0,0.0,0.0,0.0,0.0,0.0,0.0,0.0,0.0,0.0,0.0,0.0,0.0,0.0,17045970.123504,17557349.22720912,0.0,0.0,0.0,0.0,0.0,102416.83999999998,0.0,0.0,0.0,,,,,,,,,,,,,,,,,,,,,,,,,,,,,,
Dick Van Dam Dairy,3180 Cottonwood Avenue,1340.0,130.0,,1200.0,,200.0,0.0,R8_animals.csv,0.0,0.0,0.0,2870.0,0.0,0.0,0.0,0.0,0.0,0.0,0.0,0.0,0.0,0.0,0.0,0.0,0.0,0.0,17045970.123504,17557349.22720912,0.0,0.0,0.0,0.0,0.0,102416.83999999998,0.0,0.0,0.0,,,,,,,,,,,,,,,,,,,,,,,,,,,,,,
Dyt Dairy,32300 Ramona Expressway,1700.0,290.0,,247.0,,150.0,0.0,R8_animals.csv,0.0,0.0,0.0,2387.0,0.0,0.0,0.0,0.0,0.0,0.0,0.0,0.0,0.0,0.0,0.0,0.0,0.0,0.0,23075837.105968002,23768112.21914704,0.0,0.0,0.0,0.0,0.0,111170.14,0.0,0.0,0.0,,,,,,,,,,,,,,,,,,,,,,,,,,,,,,
Dyt Dairy,32300 Ramona Expressway,1700.0,290.0,,247.0,,150.0,0.0,R8_animals.csv,0.0,0.0,0.0,2387.0,0.0,0.0,0.0,0.0,0.0,0.0,0.0,0.0,0.0,0.0,0.0,0.0,0.0,0.0,23075837.105968002,23768112.21914704,0.0,0.0,0.0,0.0,0.0,111170.14,0.0,0.0,0.0,,,,,,,,,,,,,,,,,,,,,,,,,,,,,,
El Dorado Dairy #1 (Green Acres Dairy) ,7322 & 7439 Chino Avenue,400.0,0.0,,0.0,,0.0,0.0,R8_animals.csv,0.0,0.0,0.0,400.0,0.0,0.0,0.0,0.0,0.0,0.0,0.0,0.0,0.0,0.0,0.0,0.0,0.0,0.0,4638359.21728,4777509.9937984,0.0,0.0,0.0,0.0,0.0,21188.799999999996,0.0,0.0,0.0,,,,,,,,,,,,,,,,,,,,,,,,,,,,,,
El Dorado Dairy #2,13566 Bon View Avenue,400.0,0.0,,0.0,,0.0,0.0,R8_animals.csv,0.0,0.0,0.0,400.0,0.0,0.0,0.0,0.0,0.0,0.0,0.0,0.0,0.0,0.0,0.0,0.0,0.0,0.0,4638359.21728,4777509.9937984,0.0,0.0,0.0,0.0,0.0,21188.799999999996,0.0,0.0,0.0,,,,,,,,,,,,,,,,,,,,,,,,,,,,,,
Falloncrest Farms,8300 Pine Avenue,0.0,0.0,,0.0,,0.0,0.0,R8_animals.csv,0.0,0.0,0.0,0.0,0.0,0.0,0.0,0.0,0.0,0.0,0.0,0.0,0.0,0.0,0.0,0.0,0.0,0.0,0.0,0.0,0.0,0.0,0.0,0.0,0.0,0.0,0.0,0.0,0.0,,,,,,,,,,,,,,,,,,,,,,,,,,,,,,
Frank Souza Dairy - Euclid,16185 Euclid Avenue,0.0,0.0,,0.0,,2200.0,0.0,R8_animals.csv,0.0,0.0,0.0,2200.0,0.0,0.0,0.0,0.0,0.0,0.0,0.0,0.0,0.0,0.0,0.0,0.0,0.0,0.0,0.0,0.0,0.0,0.0,0.0,0.0,0.0,14212.0,0.0,0.0,0.0,,,,,,,,,,,,,,,,,,,,,,,,,,,,,,
GH Dairy #10,,0.0,0.0,,0.0,,0.0,0.0,R8_animals.csv,0.0,0.0,0.0,0.0,0.0,0.0,0.0,0.0,0.0,0.0,0.0,0.0,0.0,0.0,0.0,0.0,0.0,0.0,0.0,0.0,0.0,0.0,0.0,0.0,0.0,0.0,0.0,0.0,0.0,,,,,,,,,,,,,,,,,,,,,,,,,,,,,,
GH Dairy #2,,0.0,0.0,,0.0,,0.0,0.0,R8_animals.csv,0.0,0.0,0.0,0.0,0.0,0.0,0.0,0.0,0.0,0.0,0.0,0.0,0.0,0.0,0.0,0.0,0.0,0.0,0.0,0.0,0.0,0.0,0.0,0.0,0.0,0.0,0.0,0.0,0.0,,,,,,,,,,,,,,,,,,,,,,,,,,,,,,
GH Dairy #2,,0.0,0.0,,0.0,,0.0,0.0,R8_animals.csv,0.0,0.0,0.0,0.0,0.0,0.0,0.0,0.0,0.0,0.0,0.0,0.0,0.0,0.0,0.0,0.0,0.0,0.0,0.0,0.0,0.0,0.0,0.0,0.0,0.0,0.0,0.0,0.0,0.0,,,,,,,,,,,,,,,,,,,,,,,,,,,,,,
GH Dairy #2,,0.0,0.0,,0.0,,0.0,0.0,R8_animals.csv,0.0,0.0,0.0,0.0,0.0,0.0,0.0,0.0,0.0,0.0,0.0,0.0,0.0,0.0,0.0,0.0,0.0,0.0,0.0,0.0,0.0,0.0,0.0,0.0,0.0,0.0,0.0,0.0,0.0,,,,,,,,,,,,,,,,,,,,,,,,,,,,,,
GH Dairy #2,,0.0,0.0,,0.0,,0.0,0.0,R8_animals.csv,0.0,0.0,0.0,0.0,0.0,0.0,0.0,0.0,0.0,0.0,0.0,0.0,0.0,0.0,0.0,0.0,0.0,0.0,0.0,0.0,0.0,0.0,0.0,0.0,0.0,0.0,0.0,0.0,0.0,,,,,,,,,,,,,,,,,,,,,,,,,,,,,,
GH Dairy #4,8061 Edison Avenue,401.0,141.0,,288.0,,0.0,8.0,R8_animals.csv,0.0,0.0,0.0,838.0,0.0,0.0,0.0,0.0,0.0,0.0,0.0,0.0,0.0,0.0,0.0,0.0,0.0,0.0,6284976.7394144,6473526.041596833,0.0,0.0,0.0,0.0,0.0,34292.263999999996,0.0,0.0,0.0,,,,,,,,,,,,,,,,,,,,,,,,,,,,,,
GH Dairy #4,8061 Edison Avenue,401.0,141.0,,288.0,,0.0,8.0,R8_animals.csv,0.0,0.0,0.0,838.0,0.0,0.0,0.0,0.0,0.0,0.0,0.0,0.0,0.0,0.0,0.0,0.0,0.0,0.0,6284976.7394144,6473526.041596833,0.0,0.0,0.0,0.0,0.0,34292.263999999996,0.0,0.0,0.0,,,,,,,,,,,,,,,,,,,,,,,,,,,,,,
GH Dairy #4,8061 Edison Avenue,401.0,141.0,,288.0,,0.0,8.0,R8_animals.csv,0.0,0.0,0.0,838.0,0.0,0.0,0.0,0.0,0.0,0.0,0.0,0.0,0.0,0.0,0.0,0.0,0.0,0.0,6284976.7394144,6473526.041596833,0.0,0.0,0.0,0.0,0.0,34292.263999999996,0.0,0.0,0.0,,,,,,,,,,,,,,,,,,,,,,,,,,,,,,
GH Dairy #5,8929 Chino Avenue,913.0,161.0,,963.0,,0.0,26.0,R8_animals.csv,0.0,0.0,0.0,2063.0,0.0,0.0,0.0,0.0,0.0,0.0,0.0,0.0,0.0,0.0,0.0,0.0,0.0,0.0,12453994.4983968,12827614.333348705,0.0,0.0,0.0,0.0,0.0,75554.86799999999,0.0,0.0,0.0,,,,,,,,,,,,,,,,,,,,,,,,,,,,,,
GH Dairy #5,8929 Chino Avenue,913.0,161.0,,963.0,,0.0,26.0,R8_animals.csv,0.0,0.0,0.0,2063.0,0.0,0.0,0.0,0.0,0.0,0.0,0.0,0.0,0.0,0.0,0.0,0.0,0.0,0.0,12453994.4983968,12827614.333348705,0.0,0.0,0.0,0.0,0.0,75554.86799999999,0.0,0.0,0.0,,,,,,,,,,,,,,,,,,,,,,,,,,,,,,
GH Dairy #6,7938 Schaefer Avenue,0.0,0.0,,217.0,,0.0,0.0,R8_animals.csv,0.0,0.0,0.0,217.0,0.0,0.0,0.0,0.0,0.0,0.0,0.0,0.0,0.0,0.0,0.0,0.0,0.0,0.0,0.0,0.0,0.0,0.0,0.0,0.0,0.0,4205.460000000001,0.0,0.0,0.0,,,,,,,,,,,,,,,,,,,,,,,,,,,,,,
GH Dairy #6,7938 Schaefer Avenue,0.0,0.0,,217.0,,0.0,0.0,R8_animals.csv,0.0,0.0,0.0,217.0,0.0,0.0,0.0,0.0,0.0,0.0,0.0,0.0,0.0,0.0,0.0,0.0,0.0,0.0,0.0,0.0,0.0,0.0,0.0,0.0,0.0,4205.460000000001,0.0,0.0,0.0,,,,,,,,,,,,,,,,,,,,,,,,,,,,,,
GH Dairy #7,10573 Edison Avenue,992.0,291.0,,2112.0,,0.0,14.0,R8_animals.csv,0.0,0.0,0.0,3409.0,0.0,0.0,0.0,0.0,0.0,0.0,0.0,0.0,0.0,0.0,0.0,0.0,0.0,0.0,14877537.1894256,15323863.305108368,0.0,0.0,0.0,0.0,0.0,108893.63599999998,0.0,0.0,0.0,,,,,,,,,,,,,,,,,,,,,,,,,,,,,,
GH Dairy #7,10573 Edison Avenue,992.0,291.0,,2112.0,,0.0,14.0,R8_animals.csv,0.0,0.0,0.0,3409.0,0.0,0.0,0.0,0.0,0.0,0.0,0.0,0.0,0.0,0.0,0.0,0.0,0.0,0.0,14877537.1894256,15323863.305108368,0.0,0.0,0.0,0.0,0.0,108893.63599999998,0.0,0.0,0.0,,,,,,,,,,,,,,,,,,,,,,,,,,,,,,
GH Dairy #7,10573 Edison Avenue,992.0,291.0,,2112.0,,0.0,14.0,R8_animals.csv,0.0,0.0,0.0,3409.0,0.0,0.0,0.0,0.0,0.0,0.0,0.0,0.0,0.0,0.0,0.0,0.0,0.0,0.0,14877537.1894256,15323863.305108368,0.0,0.0,0.0,0.0,0.0,108893.63599999998,0.0,0.0,0.0,,,,,,,,,,,,,,,,,,,,,,,,,,,,,,
GH Dairy #8,,0.0,0.0,,0.0,,0.0,0.0,R8_animals.csv,0.0,0.0,0.0,0.0,0.0,0.0,0.0,0.0,0.0,0.0,0.0,0.0,0.0,0.0,0.0,0.0,0.0,0.0,0.0,0.0,0.0,0.0,0.0,0.0,0.0,0.0,0.0,0.0,0.0,,,,,,,,,,,,,,,,,,,,,,,,,,,,,,
GH Dairy #8,,0.0,0.0,,0.0,,0.0,0.0,R8_animals.csv,0.0,0.0,0.0,0.0,0.0,0.0,0.0,0.0,0.0,0.0,0.0,0.0,0.0,0.0,0.0,0.0,0.0,0.0,0.0,0.0,0.0,0.0,0.0,0.0,0.0,0.0,0.0,0.0,0.0,,,,,,,,,,,,,,,,,,,,,,,,,,,,,,
GH Dairy #9,,0.0,0.0,,0.0,,0.0,0.0,R8_animals.csv,0.0,0.0,0.0,0.0,0.0,0.0,0.0,0.0,0.0,0.0,0.0,0.0,0.0,0.0,0.0,0.0,0.0,0.0,0.0,0.0,0.0,0.0,0.0,0.0,0.0,0.0,0.0,0.0,0.0,,,,,,,,,,,,,,,,,,,,,,,,,,,,,,
GH Dairy #9,,0.0,0.0,,0.0,,0.0,0.0,R8_animals.csv,0.0,0.0,0.0,0.0,0.0,0.0,0.0,0.0,0.0,0.0,0.0,0.0,0.0,0.0,0.0,0.0,0.0,0.0,0.0,0.0,0.0,0.0,0.0,0.0,0.0,0.0,0.0,0.0,0.0,,,,,,,,,,,,,,,,,,,,,,,,,,,,,,
GH Dairy - Expressway Dairy,35500 Ramona Expressway,549.0,67.0,,115.0,,0.0,5.0,R8_animals.csv,0.0,0.0,0.0,736.0,0.0,0.0,0.0,0.0,0.0,0.0,0.0,0.0,0.0,0.0,0.0,0.0,0.0,0.0,7143073.1946112,7357365.390449536,0.0,0.0,0.0,0.0,0.0,34859.45199999999,0.0,0.0,0.0,,,,,,,,,,,,,,,,,,,,,,,,,,,,,,
GH Dairy - Expressway Dairy,35500 Ramona Expressway,549.0,67.0,,115.0,,0.0,5.0,R8_animals.csv,0.0,0.0,0.0,736.0,0.0,0.0,0.0,0.0,0.0,0.0,0.0,0.0,0.0,0.0,0.0,0.0,0.0,0.0,7143073.1946112,7357365.390449536,0.0,0.0,0.0,0.0,0.0,34859.45199999999,0.0,0.0,0.0,,,,,,,,,,,,,,,,,,,,,,,,,,,,,,
GH Dairy - Hemet,1455 North Cawston Avenue,558.0,100.0,,2.0,,0.0,3.0,R8_animals.csv,0.0,0.0,0.0,663.0,0.0,0.0,0.0,0.0,0.0,0.0,0.0,0.0,0.0,0.0,0.0,0.0,0.0,0.0,7630100.9124256,7859003.939798368,0.0,0.0,0.0,0.0,0.0,34894.335999999996,0.0,0.0,0.0,,,,,,,,,,,,,,,,,,,,,,,,,,,,,,
Gordon Dairy #10,,0.0,0.0,,0.0,,0.0,0.0,R8_animals.csv,0.0,0.0,0.0,0.0,0.0,0.0,0.0,0.0,0.0,0.0,0.0,0.0,0.0,0.0,0.0,0.0,0.0,0.0,0.0,0.0,0.0,0.0,0.0,0.0,0.0,0.0,0.0,0.0,0.0,,,,,,,,,,,,,,,,,,,,,,,,,,,,,,
Gordon Dairy #11,,0.0,0.0,,0.0,,0.0,0.0,R8_animals.csv,0.0,0.0,0.0,0.0,0.0,0.0,0.0,0.0,0.0,0.0,0.0,0.0,0.0,0.0,0.0,0.0,0.0,0.0,0.0,0.0,0.0,0.0,0.0,0.0,0.0,0.0,0.0,0.0,0.0,,,,,,,,,,,,,,,,,,,,,,,,,,,,,,
Gordon Dairy #3,14213 Bon View Avenue,300.0,50.0,,50.0,,20.0,0.0,R8_animals.csv,0.0,0.0,0.0,420.0,0.0,0.0,0.0,0.0,0.0,0.0,0.0,0.0,0.0,0.0,0.0,0.0,0.0,0.0,4058564.31512,4180321.2445736,0.0,0.0,0.0,0.0,0.0,19638.4,0.0,0.0,0.0,,,,,,,,,,,,,,,,,,,,,,,,,,,,,,
Gordon Dairy #4,14451 South Bon View Avenue,0.0,0.0,,900.0,,0.0,0.0,R8_animals.csv,0.0,0.0,0.0,900.0,0.0,0.0,0.0,0.0,0.0,0.0,0.0,0.0,0.0,0.0,0.0,0.0,0.0,0.0,0.0,0.0,0.0,0.0,0.0,0.0,0.0,17442.0,0.0,0.0,0.0,,,,,,,,,,,,,,,,,,,,,,,,,,,,,,
Gordon Dairy #4,14451 South Bon View Avenue,0.0,0.0,,900.0,,0.0,0.0,R8_animals.csv,0.0,0.0,0.0,900.0,0.0,0.0,0.0,0.0,0.0,0.0,0.0,0.0,0.0,0.0,0.0,0.0,0.0,0.0,0.0,0.0,0.0,0.0,0.0,0.0,0.0,17442.0,0.0,0.0,0.0,,,,,,,,,,,,,,,,,,,,,,,,,,,,,,
Gordon Dairy #5,14400 South Grove Avenue,393.0,57.0,,0.0,,0.0,0.0,R8_animals.csv,0.0,0.0,0.0,450.0,0.0,0.0,0.0,0.0,0.0,0.0,0.0,0.0,0.0,0.0,0.0,0.0,0.0,0.0,5218154.11944,5374698.7430232,0.0,0.0,0.0,0.0,0.0,23837.4,0.0,0.0,0.0,,,,,,,,,,,,,,,,,,,,,,,,,,,,,,
Gordon Dairy #5,14400 South Grove Avenue,393.0,57.0,,0.0,,0.0,0.0,R8_animals.csv,0.0,0.0,0.0,450.0,0.0,0.0,0.0,0.0,0.0,0.0,0.0,0.0,0.0,0.0,0.0,0.0,0.0,0.0,5218154.11944,5374698.7430232,0.0,0.0,0.0,0.0,0.0,23837.4,0.0,0.0,0.0,,,,,,,,,,,,,,,,,,,,,,,,,,,,,,
Gordon Dairy #6,,0.0,0.0,,0.0,,0.0,0.0,R8_animals.csv,0.0,0.0,0.0,0.0,0.0,0.0,0.0,0.0,0.0,0.0,0.0,0.0,0.0,0.0,0.0,0.0,0.0,0.0,0.0,0.0,0.0,0.0,0.0,0.0,0.0,0.0,0.0,0.0,0.0,,,,,,,,,,,,,,,,,,,,,,,,,,,,,,
Gordon Dairy #9,13752 Bon View Avenue,0.0,0.0,,1300.0,,0.0,1129.0,R8_animals.csv,0.0,0.0,0.0,2429.0,0.0,0.0,0.0,0.0,0.0,0.0,0.0,0.0,0.0,0.0,0.0,0.0,0.0,0.0,0.0,0.0,0.0,0.0,0.0,0.0,0.0,25194.000000000004,0.0,0.0,0.0,,,,,,,,,,,,,,,,,,,,,,,,,,,,,,
Green Acres Heifer Ranch,7520 Schaefer Avenue,0.0,0.0,,700.0,,0.0,0.0,R8_animals.csv,0.0,0.0,0.0,700.0,0.0,0.0,0.0,0.0,0.0,0.0,0.0,0.0,0.0,0.0,0.0,0.0,0.0,0.0,0.0,0.0,0.0,0.0,0.0,0.0,0.0,13566.0,0.0,0.0,0.0,,,,,,,,,,,,,,,,,,,,,,,,,,,,,,
Haringa Farms Heifer Ranch,13450 Bon View Avenue,0.0,0.0,,380.0,,60.0,0.0,R8_animals.csv,0.0,0.0,0.0,440.0,0.0,0.0,0.0,0.0,0.0,0.0,0.0,0.0,0.0,0.0,0.0,0.0,0.0,0.0,0.0,0.0,0.0,0.0,0.0,0.0,0.0,7752.0,0.0,0.0,0.0,,,,,,,,,,,,,,,,,,,,,,,,,,,,,,
Herman De Jong Dairy,31910 Corydon Road,68.0,10.0,,25.0,,10.0,0.0,R8_animals.csv,0.0,0.0,0.0,113.0,0.0,0.0,0.0,0.0,0.0,0.0,0.0,0.0,0.0,0.0,0.0,0.0,0.0,0.0,904480.0473696,931614.4487906881,0.0,0.0,0.0,0.0,0.0,4680.915999999999,0.0,0.0,0.0,,,,,,,,,,,,,,,,,,,,,,,,,,,,,,
Hettinga Dairy - San Jacinto,1861 North Warren Road,0.0,0.0,,0.0,,4200.0,0.0,R8_animals.csv,0.0,0.0,0.0,4200.0,0.0,0.0,0.0,0.0,0.0,0.0,0.0,0.0,0.0,0.0,0.0,0.0,0.0,0.0,0.0,0.0,0.0,0.0,0.0,0.0,0.0,27132.0,0.0,0.0,0.0,,,,,,,,,,,,,,,,,,,,,,,,,,,,,,
Hettinga Dairy - San Jacinto,1861 North Warren Road,0.0,0.0,,0.0,,4200.0,0.0,R8_animals.csv,0.0,0.0,0.0,4200.0,0.0,0.0,0.0,0.0,0.0,0.0,0.0,0.0,0.0,0.0,0.0,0.0,0.0,0.0,0.0,0.0,0.0,0.0,0.0,0.0,0.0,27132.0,0.0,0.0,0.0,,,,,,,,,,,,,,,,,,,,,,,,,,,,,,
Hettinga Ranch - Lake Mathews,15250 El Sobrante Road,0.0,0.0,,975.0,,0.0,0.0,R8_animals.csv,0.0,0.0,0.0,975.0,0.0,0.0,0.0,0.0,0.0,0.0,0.0,0.0,0.0,0.0,0.0,0.0,0.0,0.0,0.0,0.0,0.0,0.0,0.0,0.0,0.0,18895.5,0.0,0.0,0.0,,,,,,,,,,,,,,,,,,,,,,,,,,,,,,
Hollandia Farms North,35600 Ramona Expressway,2500.0,350.0,,0.0,,0.0,0.0,R8_animals.csv,0.0,0.0,0.0,2850.0,0.0,0.0,0.0,0.0,0.0,0.0,0.0,0.0,0.0,0.0,0.0,0.0,0.0,0.0,33048309.423120003,34039758.7058136,0.0,0.0,0.0,0.0,0.0,150970.2,0.0,0.0,0.0,,,,,,,,,,,,,,,,,,,,,,,,,,,,,,
Jim Bootsma Jr. Dairy,33100 Fernandez Road,1500.0,245.0,,448.0,,0.0,0.0,R8_animals.csv,0.0,0.0,0.0,2193.0,0.0,0.0,0.0,0.0,0.0,0.0,0.0,0.0,0.0,0.0,0.0,0.0,0.0,0.0,20234842.085384,20841887.34794552,0.0,0.0,0.0,0.0,0.0,101118.37999999999,0.0,0.0,0.0,,,,,,,,,,,,,,,,,,,,,,,,,,,,,,
LaBrucherie Bros LLC - Schaefer,8484 Schaefer Avenue,108.0,5.0,,2.0,,2.0,0.0,R8_animals.csv,0.0,0.0,0.0,117.0,0.0,0.0,0.0,0.0,0.0,0.0,0.0,0.0,0.0,0.0,0.0,0.0,0.0,0.0,1310336.4788815998,1349646.5732480478,0.0,0.0,0.0,0.0,0.0,6037.516,0.0,0.0,0.0,,,,,,,,,,,,,,,,,,,,,,,,,,,,,,
Legend Dairy Farm,13456 Walker Avenue,1200.0,200.0,,600.0,,0.0,10.0,R8_animals.csv,0.0,0.0,0.0,2010.0,0.0,0.0,0.0,0.0,0.0,0.0,0.0,0.0,0.0,0.0,0.0,0.0,0.0,0.0,16234257.26048,16721284.9782944,0.0,0.0,0.0,0.0,0.0,85788.8,0.0,0.0,0.0,,,,,,,,,,,,,,,,,,,,,,,,,,,,,,
Legend Dairy Farm,13456 Walker Avenue,1200.0,200.0,,600.0,,0.0,10.0,R8_animals.csv,0.0,0.0,0.0,2010.0,0.0,0.0,0.0,0.0,0.0,0.0,0.0,0.0,0.0,0.0,0.0,0.0,0.0,0.0,16234257.26048,16721284.9782944,0.0,0.0,0.0,0.0,0.0,85788.8,0.0,0.0,0.0,,,,,,,,,,,,,,,,,,,,,,,,,,,,,,
Legend Dairy Farm,13456 Walker Avenue,1200.0,200.0,,600.0,,0.0,10.0,R8_animals.csv,0.0,0.0,0.0,2010.0,0.0,0.0,0.0,0.0,0.0,0.0,0.0,0.0,0.0,0.0,0.0,0.0,0.0,0.0,16234257.26048,16721284.9782944,0.0,0.0,0.0,0.0,0.0,85788.8,0.0,0.0,0.0,,,,,,,,,,,,,,,,,,,,,,,,,,,,,,
Legend Dairy Farm,13456 Walker Avenue,1200.0,200.0,,600.0,,0.0,10.0,R8_animals.csv,0.0,0.0,0.0,2010.0,0.0,0.0,0.0,0.0,0.0,0.0,0.0,0.0,0.0,0.0,0.0,0.0,0.0,0.0,16234257.26048,16721284.9782944,0.0,0.0,0.0,0.0,0.0,85788.8,0.0,0.0,0.0,,,,,,,,,,,,,,,,,,,,,,,,,,,,,,
Legend Dairy Farms,9155 Riverside Drive,1800.0,300.0,,200.0,,0.0,20.0,R8_animals.csv,0.0,0.0,0.0,2320.0,0.0,0.0,0.0,0.0,0.0,0.0,0.0,0.0,0.0,0.0,0.0,0.0,0.0,0.0,24351385.89072,25081927.4674416,0.0,0.0,0.0,0.0,0.0,115117.2,0.0,0.0,0.0,,,,,,,,,,,,,,,,,,,,,,,,,,,,,,
Legend Dairy Farms,9155 Riverside Drive,1800.0,300.0,,200.0,,0.0,20.0,R8_animals.csv,0.0,0.0,0.0,2320.0,0.0,0.0,0.0,0.0,0.0,0.0,0.0,0.0,0.0,0.0,0.0,0.0,0.0,0.0,24351385.89072,25081927.4674416,0.0,0.0,0.0,0.0,0.0,115117.2,0.0,0.0,0.0,,,,,,,,,,,,,,,,,,,,,,,,,,,,,,
Legend Dairy Farms,9155 Riverside Drive,1800.0,300.0,,200.0,,0.0,20.0,R8_animals.csv,0.0,0.0,0.0,2320.0,0.0,0.0,0.0,0.0,0.0,0.0,0.0,0.0,0.0,0.0,0.0,0.0,0.0,0.0,24351385.89072,25081927.4674416,0.0,0.0,0.0,0.0,0.0,115117.2,0.0,0.0,0.0,,,,,,,,,,,,,,,,,,,,,,,,,,,,,,
Legend Dairy Farms,9155 Riverside Drive,1800.0,300.0,,200.0,,0.0,20.0,R8_animals.csv,0.0,0.0,0.0,2320.0,0.0,0.0,0.0,0.0,0.0,0.0,0.0,0.0,0.0,0.0,0.0,0.0,0.0,0.0,24351385.89072,25081927.4674416,0.0,0.0,0.0,0.0,0.0,115117.2,0.0,0.0,0.0,,,,,,,,,,,,,,,,,,,,,,,,,,,,,,
Legend Dairy Farms,9155 Riverside Drive,1800.0,300.0,,200.0,,0.0,20.0,R8_animals.csv,0.0,0.0,0.0,2320.0,0.0,0.0,0.0,0.0,0.0,0.0,0.0,0.0,0.0,0.0,0.0,0.0,0.0,0.0,24351385.89072,25081927.4674416,0.0,0.0,0.0,0.0,0.0,115117.2,0.0,0.0,0.0,,,,,,,,,,,,,,,,,,,,,,,,,,,,,,
Legend Dairy Farms,13331 South Walker Avenue,400.0,0.0,,60.0,,0.0,0.0,R8_animals.csv,0.0,0.0,0.0,460.0,0.0,0.0,0.0,0.0,0.0,0.0,0.0,0.0,0.0,0.0,0.0,0.0,0.0,0.0,4638359.21728,4777509.9937984,0.0,0.0,0.0,0.0,0.0,22351.6,0.0,0.0,0.0,,,,,,,,,,,,,,,,,,,,,,,,,,,,,,
Legend Dairy Farms,13331 South Walker Avenue,400.0,0.0,,60.0,,0.0,0.0,R8_animals.csv,0.0,0.0,0.0,460.0,0.0,0.0,0.0,0.0,0.0,0.0,0.0,0.0,0.0,0.0,0.0,0.0,0.0,0.0,4638359.21728,4777509.9937984,0.0,0.0,0.0,0.0,0.0,22351.6,0.0,0.0,0.0,,,,,,,,,,,,,,,,,,,,,,,,,,,,,,
Legend Dairy Farms,13331 South Walker Avenue,400.0,0.0,,60.0,,0.0,0.0,R8_animals.csv,0.0,0.0,0.0,460.0,0.0,0.0,0.0,0.0,0.0,0.0,0.0,0.0,0.0,0.0,0.0,0.0,0.0,0.0,4638359.21728,4777509.9937984,0.0,0.0,0.0,0.0,0.0,22351.6,0.0,0.0,0.0,,,,,,,,,,,,,,,,,,,,,,,,,,,,,,
Legend Dairy Farms,13331 South Walker Avenue,400.0,0.0,,60.0,,0.0,0.0,R8_animals.csv,0.0,0.0,0.0,460.0,0.0,0.0,0.0,0.0,0.0,0.0,0.0,0.0,0.0,0.0,0.0,0.0,0.0,0.0,4638359.21728,4777509.9937984,0.0,0.0,0.0,0.0,0.0,22351.6,0.0,0.0,0.0,,,,,,,,,,,,,,,,,,,,,,,,,,,,,,
Legend Dairy Farms,13331 South Walker Avenue,400.0,0.0,,60.0,,0.0,0.0,R8_animals.csv,0.0,0.0,0.0,460.0,0.0,0.0,0.0,0.0,0.0,0.0,0.0,0.0,0.0,0.0,0.0,0.0,0.0,0.0,4638359.21728,4777509.9937984,0.0,0.0,0.0,0.0,0.0,22351.6,0.0,0.0,0.0,,,,,,,,,,,,,,,,,,,,,,,,,,,,,,
Legend Dairy Farms #6,13567 Whispering Lakes Lane,500.0,100.0,,0.0,,0.0,0.0,R8_animals.csv,0.0,0.0,0.0,600.0,0.0,0.0,0.0,0.0,0.0,0.0,0.0,0.0,0.0,0.0,0.0,0.0,0.0,0.0,6957538.825920001,7166264.990697601,0.0,0.0,0.0,0.0,0.0,31783.2,0.0,0.0,0.0,,,,,,,,,,,,,,,,,,,,,,,,,,,,,,
Legend Dairy Farms #7,9029 Schaefer Avenue,500.0,50.0,,0.0,,0.0,0.0,R8_animals.csv,0.0,0.0,0.0,550.0,0.0,0.0,0.0,0.0,0.0,0.0,0.0,0.0,0.0,0.0,0.0,0.0,0.0,0.0,6377743.923760001,6569076.241472801,0.0,0.0,0.0,0.0,0.0,29134.6,0.0,0.0,0.0,,,,,,,,,,,,,,,,,,,,,,,,,,,,,,
Legend Dairy Farms #7,9029 Schaefer Avenue,500.0,50.0,,0.0,,0.0,0.0,R8_animals.csv,0.0,0.0,0.0,550.0,0.0,0.0,0.0,0.0,0.0,0.0,0.0,0.0,0.0,0.0,0.0,0.0,0.0,0.0,6377743.923760001,6569076.241472801,0.0,0.0,0.0,0.0,0.0,29134.6,0.0,0.0,0.0,,,,,,,,,,,,,,,,,,,,,,,,,,,,,,
Legend Dairy Farms - 8185 Edison,"8185 Edison Avenue 
",0.0,0.0,,250.0,,0.0,0.0,R8_animals.csv,0.0,0.0,0.0,250.0,0.0,0.0,0.0,0.0,0.0,0.0,0.0,0.0,0.0,0.0,0.0,0.0,0.0,0.0,0.0,0.0,0.0,0.0,0.0,0.0,0.0,4845.0,0.0,0.0,0.0,,,,,,,,,,,,,,,,,,,,,,,,,,,,,,
Legend Dairy Farms - 8311 Edison,8311 Edison Avenue,440.0,170.0,,30.0,,0.0,0.0,R8_animals.csv,0.0,0.0,0.0,640.0,0.0,0.0,0.0,0.0,0.0,0.0,0.0,0.0,0.0,0.0,0.0,0.0,0.0,0.0,7073497.806352,7285702.74054256,0.0,0.0,0.0,0.0,0.0,32894.31999999999,0.0,0.0,0.0,,,,,,,,,,,,,,,,,,,,,,,,,,,,,,
Legend Dairy Farms - 8311 Edison,8311 Edison Avenue,440.0,170.0,,30.0,,0.0,0.0,R8_animals.csv,0.0,0.0,0.0,640.0,0.0,0.0,0.0,0.0,0.0,0.0,0.0,0.0,0.0,0.0,0.0,0.0,0.0,0.0,7073497.806352,7285702.74054256,0.0,0.0,0.0,0.0,0.0,32894.31999999999,0.0,0.0,0.0,,,,,,,,,,,,,,,,,,,,,,,,,,,,,,
Legend Dairy Farms - 8311 Edison,8311 Edison Avenue,440.0,170.0,,30.0,,0.0,0.0,R8_animals.csv,0.0,0.0,0.0,640.0,0.0,0.0,0.0,0.0,0.0,0.0,0.0,0.0,0.0,0.0,0.0,0.0,0.0,0.0,7073497.806352,7285702.74054256,0.0,0.0,0.0,0.0,0.0,32894.31999999999,0.0,0.0,0.0,,,,,,,,,,,,,,,,,,,,,,,,,,,,,,
Legend Dairy Farms - 8381 Edison,8381 Edison Avenue,750.0,100.0,,120.0,,0.0,0.0,R8_animals.csv,0.0,0.0,0.0,970.0,0.0,0.0,0.0,0.0,0.0,0.0,0.0,0.0,0.0,0.0,0.0,0.0,0.0,0.0,9856513.336720001,10152208.736821601,0.0,0.0,0.0,0.0,0.0,47351.799999999996,0.0,0.0,0.0,,,,,,,,,,,,,,,,,,,,,,,,,,,,,,
Legend Dairy Farms - 8381 Edison,8381 Edison Avenue,750.0,100.0,,120.0,,0.0,0.0,R8_animals.csv,0.0,0.0,0.0,970.0,0.0,0.0,0.0,0.0,0.0,0.0,0.0,0.0,0.0,0.0,0.0,0.0,0.0,0.0,9856513.336720001,10152208.736821601,0.0,0.0,0.0,0.0,0.0,47351.799999999996,0.0,0.0,0.0,,,,,,,,,,,,,,,,,,,,,,,,,,,,,,
Legend Dairy Farms - 8485 Edison,8485 Edison Avenue,800.0,100.0,,70.0,,0.0,0.0,R8_animals.csv,0.0,0.0,0.0,970.0,0.0,0.0,0.0,0.0,0.0,0.0,0.0,0.0,0.0,0.0,0.0,0.0,0.0,0.0,10436308.23888,10749397.4860464,0.0,0.0,0.0,0.0,0.0,49031.399999999994,0.0,0.0,0.0,,,,,,,,,,,,,,,,,,,,,,,,,,,,,,
Legend Dairy Farms - 8485 Edison,8485 Edison Avenue,800.0,100.0,,70.0,,0.0,0.0,R8_animals.csv,0.0,0.0,0.0,970.0,0.0,0.0,0.0,0.0,0.0,0.0,0.0,0.0,0.0,0.0,0.0,0.0,0.0,0.0,10436308.23888,10749397.4860464,0.0,0.0,0.0,0.0,0.0,49031.399999999994,0.0,0.0,0.0,,,,,,,,,,,,,,,,,,,,,,,,,,,,,,
Legend Dairy Farms - 8485 Edison,8485 Edison Avenue,800.0,100.0,,70.0,,0.0,0.0,R8_animals.csv,0.0,0.0,0.0,970.0,0.0,0.0,0.0,0.0,0.0,0.0,0.0,0.0,0.0,0.0,0.0,0.0,0.0,0.0,10436308.23888,10749397.4860464,0.0,0.0,0.0,0.0,0.0,49031.399999999994,0.0,0.0,0.0,,,,,,,,,,,,,,,,,,,,,,,,,,,,,,
Legend Dairy Farms - 8485 Edison,8485 Edison Avenue,800.0,100.0,,70.0,,0.0,0.0,R8_animals.csv,0.0,0.0,0.0,970.0,0.0,0.0,0.0,0.0,0.0,0.0,0.0,0.0,0.0,0.0,0.0,0.0,0.0,0.0,10436308.23888,10749397.4860464,0.0,0.0,0.0,0.0,0.0,49031.399999999994,0.0,0.0,0.0,,,,,,,,,,,,,,,,,,,,,,,,,,,,,,
Martin Bangma Dairy,8847 Schaefer Avenue,0.0,0.0,,20.0,,0.0,0.0,R8_animals.csv,0.0,0.0,0.0,20.0,0.0,0.0,0.0,0.0,0.0,0.0,0.0,0.0,0.0,0.0,0.0,0.0,0.0,0.0,0.0,0.0,0.0,0.0,0.0,0.0,0.0,387.6,0.0,0.0,0.0,,,,,,,,,,,,,,,,,,,,,,,,,,,,,,
Marvo Holsteins #2,34860 Ramona Expressway,500.0,0.0,,700.0,,0.0,50.0,R8_animals.csv,0.0,0.0,0.0,1250.0,0.0,0.0,0.0,0.0,0.0,0.0,0.0,0.0,0.0,0.0,0.0,0.0,0.0,0.0,5797949.0216,5971887.492248,0.0,0.0,0.0,0.0,0.0,40052.0,0.0,0.0,0.0,,,,,,,,,,,,,,,,,,,,,,,,,,,,,,
Marvo Holsteins Dairy,18400 Main Street,1500.0,300.0,,800.0,,0.0,0.0,R8_animals.csv,0.0,0.0,0.0,2600.0,0.0,0.0,0.0,0.0,0.0,0.0,0.0,0.0,0.0,0.0,0.0,0.0,0.0,0.0,20872616.47776,21498794.9720928,0.0,0.0,0.0,0.0,0.0,110853.6,0.0,0.0,0.0,,,,,,,,,,,,,,,,,,,,,,,,,,,,,,
O & S Holsteins,1970 Warren Road,1175.0,200.0,,500.0,,575.0,0.0,R8_animals.csv,0.0,0.0,0.0,2450.0,0.0,0.0,0.0,0.0,0.0,0.0,0.0,0.0,0.0,0.0,0.0,0.0,0.0,0.0,15944359.809400002,16422690.603682002,0.0,0.0,0.0,0.0,0.0,86241.0,0.0,0.0,0.0,,,,,,,,,,,,,,,,,,,,,,,,,,,,,,
O & S Holsteins,1970 Warren Road,1175.0,200.0,,500.0,,575.0,0.0,R8_animals.csv,0.0,0.0,0.0,2450.0,0.0,0.0,0.0,0.0,0.0,0.0,0.0,0.0,0.0,0.0,0.0,0.0,0.0,0.0,15944359.809400002,16422690.603682002,0.0,0.0,0.0,0.0,0.0,86241.0,0.0,0.0,0.0,,,,,,,,,,,,,,,,,,,,,,,,,,,,,,
OK Cattle - Eucalyptus,7278 1/2 Eucalyptus Avenue,0.0,148.0,,0.0,,0.0,0.0,R8_animals.csv,0.0,0.0,0.0,148.0,0.0,0.0,0.0,0.0,0.0,0.0,0.0,0.0,0.0,0.0,0.0,0.0,0.0,0.0,1716192.9103936001,1767678.697705408,0.0,0.0,0.0,0.0,0.0,7839.856,0.0,0.0,0.0,,,,,,,,,,,,,,,,,,,,,,,,,,,,,,
OK Cattle - Schaefer,13831 Euclid Avenue,0.0,700.0,,0.0,,0.0,0.0,R8_animals.csv,0.0,0.0,0.0,700.0,0.0,0.0,0.0,0.0,0.0,0.0,0.0,0.0,0.0,0.0,0.0,0.0,0.0,0.0,8117128.63024,8360642.4891472,0.0,0.0,0.0,0.0,0.0,37080.399999999994,0.0,0.0,0.0,,,,,,,,,,,,,,,,,,,,,,,,,,,,,,
OK Cattle LLC,7330 Edison Avenue,0.0,950.0,,0.0,,0.0,0.0,R8_animals.csv,0.0,0.0,0.0,950.0,0.0,0.0,0.0,0.0,0.0,0.0,0.0,0.0,0.0,0.0,0.0,0.0,0.0,0.0,11016103.14104,11346586.235271199,0.0,0.0,0.0,0.0,0.0,50323.399999999994,0.0,0.0,0.0,,,,,,,,,,,,,,,,,,,,,,,,,,,,,,
OK Cattle LLC,7330 Edison Avenue,0.0,950.0,,0.0,,0.0,0.0,R8_animals.csv,0.0,0.0,0.0,950.0,0.0,0.0,0.0,0.0,0.0,0.0,0.0,0.0,0.0,0.0,0.0,0.0,0.0,0.0,11016103.14104,11346586.235271199,0.0,0.0,0.0,0.0,0.0,50323.399999999994,0.0,0.0,0.0,,,,,,,,,,,,,,,,,,,,,,,,,,,,,,
Ontario Ranch Holsteins #1 - 8535 Edison,8535  Edison Avenue ,450.0,0.0,,100.0,,0.0,0.0,R8_animals.csv,0.0,0.0,0.0,550.0,0.0,0.0,0.0,0.0,0.0,0.0,0.0,0.0,0.0,0.0,0.0,0.0,0.0,0.0,5218154.11944,5374698.7430232,0.0,0.0,0.0,0.0,0.0,25775.399999999998,0.0,0.0,0.0,,,,,,,,,,,,,,,,,,,,,,,,,,,,,,
Ontario Ranch Holsteins #1 - 8535 Edison,8535  Edison Avenue ,450.0,0.0,,100.0,,0.0,0.0,R8_animals.csv,0.0,0.0,0.0,550.0,0.0,0.0,0.0,0.0,0.0,0.0,0.0,0.0,0.0,0.0,0.0,0.0,0.0,0.0,5218154.11944,5374698.7430232,0.0,0.0,0.0,0.0,0.0,25775.399999999998,0.0,0.0,0.0,,,,,,,,,,,,,,,,,,,,,,,,,,,,,,
Ontario Ranch Holsteins #2,14333 Walker Avenue,305.0,250.0,,30.0,,30.0,0.0,R8_animals.csv,0.0,0.0,0.0,615.0,0.0,0.0,0.0,0.0,0.0,0.0,0.0,0.0,0.0,0.0,0.0,0.0,0.0,0.0,6435723.413976,6628795.11639528,0.0,0.0,0.0,0.0,0.0,30174.66,0.0,0.0,0.0,,,,,,,,,,,,,,,,,,,,,,,,,,,,,,
Ontario Ranch Holsteins #2,14333 Walker Avenue,305.0,250.0,,30.0,,30.0,0.0,R8_animals.csv,0.0,0.0,0.0,615.0,0.0,0.0,0.0,0.0,0.0,0.0,0.0,0.0,0.0,0.0,0.0,0.0,0.0,0.0,6435723.413976,6628795.11639528,0.0,0.0,0.0,0.0,0.0,30174.66,0.0,0.0,0.0,,,,,,,,,,,,,,,,,,,,,,,,,,,,,,
Oostdam Dairy,1710 North Warren Road,1400.0,250.0,,0.0,,250.0,0.0,R8_animals.csv,0.0,0.0,0.0,1900.0,0.0,0.0,0.0,0.0,0.0,0.0,0.0,0.0,0.0,0.0,0.0,0.0,0.0,0.0,19133231.771279998,19707228.724418398,0.0,0.0,0.0,0.0,0.0,89018.79999999999,0.0,0.0,0.0,,,,,,,,,,,,,,,,,,,,,,,,,,,,,,
Oostdam Dairy,1710 North Warren Road,1400.0,250.0,,0.0,,250.0,0.0,R8_animals.csv,0.0,0.0,0.0,1900.0,0.0,0.0,0.0,0.0,0.0,0.0,0.0,0.0,0.0,0.0,0.0,0.0,0.0,0.0,19133231.771279998,19707228.724418398,0.0,0.0,0.0,0.0,0.0,89018.79999999999,0.0,0.0,0.0,,,,,,,,,,,,,,,,,,,,,,,,,,,,,,
Oostdam Dairy Heifer Ranch,1655 North Ramona Boulevard,0.0,0.0,,200.0,,0.0,0.0,R8_animals.csv,0.0,0.0,0.0,200.0,0.0,0.0,0.0,0.0,0.0,0.0,0.0,0.0,0.0,0.0,0.0,0.0,0.0,0.0,0.0,0.0,0.0,0.0,0.0,0.0,0.0,3876.000000000001,0.0,0.0,0.0,,,,,,,,,,,,,,,,,,,,,,,,,,,,,,
P & D Dairy #10,,0.0,0.0,,0.0,,0.0,0.0,R8_animals.csv,0.0,0.0,0.0,0.0,0.0,0.0,0.0,0.0,0.0,0.0,0.0,0.0,0.0,0.0,0.0,0.0,0.0,0.0,0.0,0.0,0.0,0.0,0.0,0.0,0.0,0.0,0.0,0.0,0.0,,,,,,,,,,,,,,,,,,,,,,,,,,,,,,
P & D Dairy #3,13905 Bon View Avenue,0.0,0.0,,1527.0,,0.0,0.0,R8_animals.csv,0.0,0.0,0.0,1527.0,0.0,0.0,0.0,0.0,0.0,0.0,0.0,0.0,0.0,0.0,0.0,0.0,0.0,0.0,0.0,0.0,0.0,0.0,0.0,0.0,0.0,29593.26,0.0,0.0,0.0,,,,,,,,,,,,,,,,,,,,,,,,,,,,,,
P & D Dairy #4,,0.0,0.0,,0.0,,0.0,0.0,R8_animals.csv,0.0,0.0,0.0,0.0,0.0,0.0,0.0,0.0,0.0,0.0,0.0,0.0,0.0,0.0,0.0,0.0,0.0,0.0,0.0,0.0,0.0,0.0,0.0,0.0,0.0,0.0,0.0,0.0,0.0,,,,,,,,,,,,,,,,,,,,,,,,,,,,,,
P & D Dairy #5,,0.0,0.0,,0.0,,0.0,0.0,R8_animals.csv,0.0,0.0,0.0,0.0,0.0,0.0,0.0,0.0,0.0,0.0,0.0,0.0,0.0,0.0,0.0,0.0,0.0,0.0,0.0,0.0,0.0,0.0,0.0,0.0,0.0,0.0,0.0,0.0,0.0,,,,,,,,,,,,,,,,,,,,,,,,,,,,,,
P & D Dairy #6,,0.0,0.0,,0.0,,0.0,0.0,R8_animals.csv,0.0,0.0,0.0,0.0,0.0,0.0,0.0,0.0,0.0,0.0,0.0,0.0,0.0,0.0,0.0,0.0,0.0,0.0,0.0,0.0,0.0,0.0,0.0,0.0,0.0,0.0,0.0,0.0,0.0,,,,,,,,,,,,,,,,,,,,,,,,,,,,,,
P & D Dairy #7,,0.0,0.0,,0.0,,0.0,0.0,R8_animals.csv,0.0,0.0,0.0,0.0,0.0,0.0,0.0,0.0,0.0,0.0,0.0,0.0,0.0,0.0,0.0,0.0,0.0,0.0,0.0,0.0,0.0,0.0,0.0,0.0,0.0,0.0,0.0,0.0,0.0,,,,,,,,,,,,,,,,,,,,,,,,,,,,,,
P & D Dairy #8,,0.0,0.0,,0.0,,0.0,0.0,R8_animals.csv,0.0,0.0,0.0,0.0,0.0,0.0,0.0,0.0,0.0,0.0,0.0,0.0,0.0,0.0,0.0,0.0,0.0,0.0,0.0,0.0,0.0,0.0,0.0,0.0,0.0,0.0,0.0,0.0,0.0,,,,,,,,,,,,,,,,,,,,,,,,,,,,,,
P & D Dairy #9,,0.0,0.0,,0.0,,0.0,0.0,R8_animals.csv,0.0,0.0,0.0,0.0,0.0,0.0,0.0,0.0,0.0,0.0,0.0,0.0,0.0,0.0,0.0,0.0,0.0,0.0,0.0,0.0,0.0,0.0,0.0,0.0,0.0,0.0,0.0,0.0,0.0,,,,,,,,,,,,,,,,,,,,,,,,,,,,,,
Pastime Lakes Dairy,34240 Ramona Expressway,1896.0,509.0,,187.0,,0.0,0.0,R8_animals.csv,0.0,0.0,0.0,2592.0,0.0,0.0,0.0,0.0,0.0,0.0,0.0,0.0,0.0,0.0,0.0,0.0,0.0,0.0,27888134.793896,28724778.83771288,0.0,0.0,0.0,0.0,0.0,131021.72,0.0,0.0,0.0,,,,,,,,,,,,,,,,,,,,,,,,,,,,,,
Pastime Lakes Dairy,34240 Ramona Expressway,1896.0,509.0,,187.0,,0.0,0.0,R8_animals.csv,0.0,0.0,0.0,2592.0,0.0,0.0,0.0,0.0,0.0,0.0,0.0,0.0,0.0,0.0,0.0,0.0,0.0,0.0,27888134.793896,28724778.83771288,0.0,0.0,0.0,0.0,0.0,131021.72,0.0,0.0,0.0,,,,,,,,,,,,,,,,,,,,,,,,,,,,,,
Pastime Lakes Dairy,34240 Ramona Expressway,1896.0,509.0,,187.0,,0.0,0.0,R8_animals.csv,0.0,0.0,0.0,2592.0,0.0,0.0,0.0,0.0,0.0,0.0,0.0,0.0,0.0,0.0,0.0,0.0,0.0,0.0,27888134.793896,28724778.83771288,0.0,0.0,0.0,0.0,0.0,131021.72,0.0,0.0,0.0,,,,,,,,,,,,,,,,,,,,,,,,,,,,,,
Pastime Lakes Dairy,34240 Ramona Expressway,1896.0,509.0,,187.0,,0.0,0.0,R8_animals.csv,0.0,0.0,0.0,2592.0,0.0,0.0,0.0,0.0,0.0,0.0,0.0,0.0,0.0,0.0,0.0,0.0,0.0,0.0,27888134.793896,28724778.83771288,0.0,0.0,0.0,0.0,0.0,131021.72,0.0,0.0,0.0,,,,,,,,,,,,,,,,,,,,,,,,,,,,,,
Pastime Lakes Dairy,34240 Ramona Expressway,1896.0,509.0,,187.0,,0.0,0.0,R8_animals.csv,0.0,0.0,0.0,2592.0,0.0,0.0,0.0,0.0,0.0,0.0,0.0,0.0,0.0,0.0,0.0,0.0,0.0,0.0,27888134.793896,28724778.83771288,0.0,0.0,0.0,0.0,0.0,131021.72,0.0,0.0,0.0,,,,,,,,,,,,,,,,,,,,,,,,,,,,,,
Ramona Dairy,2451 Ramona Expressway,4300.0,650.0,,0.0,,0.0,0.0,R8_animals.csv,0.0,0.0,0.0,4950.0,0.0,0.0,0.0,0.0,0.0,0.0,0.0,0.0,0.0,0.0,0.0,0.0,0.0,0.0,57399695.31384,59121686.173255205,0.0,0.0,0.0,0.0,0.0,262211.4,0.0,0.0,0.0,,,,,,,,,,,,,,,,,,,,,,,,,,,,,,
Ramona Dairy #2,581 North Warren Road,2300.0,300.0,,0.0,,0.0,0.0,R8_animals.csv,0.0,0.0,0.0,2600.0,0.0,0.0,0.0,0.0,0.0,0.0,0.0,0.0,0.0,0.0,0.0,0.0,0.0,0.0,30149334.91232,31053814.9596896,0.0,0.0,0.0,0.0,0.0,137727.2,0.0,0.0,0.0,,,,,,,,,,,,,,,,,,,,,,,,,,,,,,
Riverbed Dairy - 38980 Record,38980 Record Road,3200.0,400.0,,200.0,,0.0,50.0,R8_animals.csv,0.0,0.0,0.0,3850.0,0.0,0.0,0.0,0.0,0.0,0.0,0.0,0.0,0.0,0.0,0.0,0.0,0.0,0.0,41745232.95552,42997589.9441856,0.0,0.0,0.0,0.0,0.0,194575.19999999998,0.0,0.0,0.0,,,,,,,,,,,,,,,,,,,,,,,,,,,,,,
Riverbed Dairy - 38980 Record,38980 Record Road,3200.0,400.0,,200.0,,0.0,50.0,R8_animals.csv,0.0,0.0,0.0,3850.0,0.0,0.0,0.0,0.0,0.0,0.0,0.0,0.0,0.0,0.0,0.0,0.0,0.0,0.0,41745232.95552,42997589.9441856,0.0,0.0,0.0,0.0,0.0,194575.19999999998,0.0,0.0,0.0,,,,,,,,,,,,,,,,,,,,,,,,,,,,,,
Riverbed Dairy - 38980 Record,38980 Record Road,3200.0,400.0,,200.0,,0.0,50.0,R8_animals.csv,0.0,0.0,0.0,3850.0,0.0,0.0,0.0,0.0,0.0,0.0,0.0,0.0,0.0,0.0,0.0,0.0,0.0,0.0,41745232.95552,42997589.9441856,0.0,0.0,0.0,0.0,0.0,194575.19999999998,0.0,0.0,0.0,,,,,,,,,,,,,,,,,,,,,,,,,,,,,,
Riverbed Dairy - 38980 Record,38980 Record Road,3200.0,400.0,,200.0,,0.0,50.0,R8_animals.csv,0.0,0.0,0.0,3850.0,0.0,0.0,0.0,0.0,0.0,0.0,0.0,0.0,0.0,0.0,0.0,0.0,0.0,0.0,41745232.95552,42997589.9441856,0.0,0.0,0.0,0.0,0.0,194575.19999999998,0.0,0.0,0.0,,,,,,,,,,,,,,,,,,,,,,,,,,,,,,
Riverbed Dairy - 38980 Record,38980 Record Road,3200.0,400.0,,200.0,,0.0,50.0,R8_animals.csv,0.0,0.0,0.0,3850.0,0.0,0.0,0.0,0.0,0.0,0.0,0.0,0.0,0.0,0.0,0.0,0.0,0.0,0.0,41745232.95552,42997589.9441856,0.0,0.0,0.0,0.0,0.0,194575.19999999998,0.0,0.0,0.0,,,,,,,,,,,,,,,,,,,,,,,,,,,,,,
SD Farms II,7220 Chino Avenue,1260.0,0.0,,0.0,,0.0,0.0,R8_animals.csv,0.0,0.0,0.0,1260.0,0.0,0.0,0.0,0.0,0.0,0.0,0.0,0.0,0.0,0.0,0.0,0.0,0.0,0.0,14610831.534432,15049156.48046496,0.0,0.0,0.0,0.0,0.0,66744.72,0.0,0.0,0.0,,,,,,,,,,,,,,,,,,,,,,,,,,,,,,
SD Farms II,7220 Chino Avenue,1260.0,0.0,,0.0,,0.0,0.0,R8_animals.csv,0.0,0.0,0.0,1260.0,0.0,0.0,0.0,0.0,0.0,0.0,0.0,0.0,0.0,0.0,0.0,0.0,0.0,0.0,14610831.534432,15049156.48046496,0.0,0.0,0.0,0.0,0.0,66744.72,0.0,0.0,0.0,,,,,,,,,,,,,,,,,,,,,,,,,,,,,,
SD Farms II,7220 Chino Avenue,1260.0,0.0,,0.0,,0.0,0.0,R8_animals.csv,0.0,0.0,0.0,1260.0,0.0,0.0,0.0,0.0,0.0,0.0,0.0,0.0,0.0,0.0,0.0,0.0,0.0,0.0,14610831.534432,15049156.48046496,0.0,0.0,0.0,0.0,0.0,66744.72,0.0,0.0,0.0,,,,,,,,,,,,,,,,,,,,,,,,,,,,,,
SD Farms II,7220 Chino Avenue,1260.0,0.0,,0.0,,0.0,0.0,R8_animals.csv,0.0,0.0,0.0,1260.0,0.0,0.0,0.0,0.0,0.0,0.0,0.0,0.0,0.0,0.0,0.0,0.0,0.0,0.0,14610831.534432,15049156.48046496,0.0,0.0,0.0,0.0,0.0,66744.72,0.0,0.0,0.0,,,,,,,,,,,,,,,,,,,,,,,,,,,,,,
SD Farms II,7220 Chino Avenue,1260.0,0.0,,0.0,,0.0,0.0,R8_animals.csv,0.0,0.0,0.0,1260.0,0.0,0.0,0.0,0.0,0.0,0.0,0.0,0.0,0.0,0.0,0.0,0.0,0.0,0.0,14610831.534432,15049156.48046496,0.0,0.0,0.0,0.0,0.0,66744.72,0.0,0.0,0.0,,,,,,,,,,,,,,,,,,,,,,,,,,,,,,
SD Farms II,7220 Chino Avenue,1260.0,0.0,,0.0,,0.0,0.0,R8_animals.csv,0.0,0.0,0.0,1260.0,0.0,0.0,0.0,0.0,0.0,0.0,0.0,0.0,0.0,0.0,0.0,0.0,0.0,0.0,14610831.534432,15049156.48046496,0.0,0.0,0.0,0.0,0.0,66744.72,0.0,0.0,0.0,,,,,,,,,,,,,,,,,,,,,,,,,,,,,,
SD Farms II,7220 Chino Avenue,1260.0,0.0,,0.0,,0.0,0.0,R8_animals.csv,0.0,0.0,0.0,1260.0,0.0,0.0,0.0,0.0,0.0,0.0,0.0,0.0,0.0,0.0,0.0,0.0,0.0,0.0,14610831.534432,15049156.48046496,0.0,0.0,0.0,0.0,0.0,66744.72,0.0,0.0,0.0,,,,,,,,,,,,,,,,,,,,,,,,,,,,,,
SD Farms II-2,13159 Euclid Avenue,0.0,162.0,,89.0,,0.0,0.0,R8_animals.csv,0.0,0.0,0.0,251.0,0.0,0.0,0.0,0.0,0.0,0.0,0.0,0.0,0.0,0.0,0.0,0.0,0.0,0.0,1878535.4829984,1934891.547488352,0.0,0.0,0.0,0.0,0.0,10306.284,0.0,0.0,0.0,,,,,,,,,,,,,,,,,,,,,,,,,,,,,,
Scott Bros Dairy,18051 Gilman Springs Road,1067.0,180.0,,436.0,,669.0,0.0,R8_animals.csv,0.0,0.0,0.0,2352.0,0.0,0.0,0.0,0.0,0.0,0.0,0.0,0.0,0.0,0.0,0.0,0.0,0.0,0.0,14460084.8598704,14893887.405666513,0.0,0.0,0.0,0.0,0.0,78827.504,0.0,0.0,0.0,,,,,,,,,,,,,,,,,,,,,,,,,,,,,,
Simoes Dairy - Riverside,8625 East Riverside Drive,220.0,78.0,,0.0,,0.0,33.0,R8_animals.csv,0.0,0.0,0.0,331.0,0.0,0.0,0.0,0.0,0.0,0.0,0.0,0.0,0.0,0.0,0.0,0.0,0.0,0.0,3455577.6168736,3559244.945379808,0.0,0.0,0.0,0.0,0.0,15785.655999999997,0.0,0.0,0.0,,,,,,,,,,,,,,,,,,,,,,,,,,,,,,
Souza Dairy,16221 Euclid Avenue,460.0,40.0,,70.0,,0.0,0.0,R8_animals.csv,0.0,0.0,0.0,570.0,0.0,0.0,0.0,0.0,0.0,0.0,0.0,0.0,0.0,0.0,0.0,0.0,0.0,0.0,5797949.0216,5971887.492248,0.0,0.0,0.0,0.0,0.0,27842.6,0.0,0.0,0.0,,,,,,,,,,,,,,,,,,,,,,,,,,,,,,
Tiva Dairy,7587 Edison Avenue,900.0,200.0,,0.0,,0.0,0.0,R8_animals.csv,0.0,0.0,0.0,1100.0,0.0,0.0,0.0,0.0,0.0,0.0,0.0,0.0,0.0,0.0,0.0,0.0,0.0,0.0,12755487.847520001,13138152.482945602,0.0,0.0,0.0,0.0,0.0,58269.19999999999,0.0,0.0,0.0,,,,,,,,,,,,,,,,,,,,,,,,,,,,,,
Tiva Dairy,7587 Edison Avenue,900.0,200.0,,0.0,,0.0,0.0,R8_animals.csv,0.0,0.0,0.0,1100.0,0.0,0.0,0.0,0.0,0.0,0.0,0.0,0.0,0.0,0.0,0.0,0.0,0.0,0.0,12755487.847520001,13138152.482945602,0.0,0.0,0.0,0.0,0.0,58269.19999999999,0.0,0.0,0.0,,,,,,,,,,,,,,,,,,,,,,,,,,,,,,
Tiva Dairy,7587 Edison Avenue,900.0,200.0,,0.0,,0.0,0.0,R8_animals.csv,0.0,0.0,0.0,1100.0,0.0,0.0,0.0,0.0,0.0,0.0,0.0,0.0,0.0,0.0,0.0,0.0,0.0,0.0,12755487.847520001,13138152.482945602,0.0,0.0,0.0,0.0,0.0,58269.19999999999,0.0,0.0,0.0,,,,,,,,,,,,,,,,,,,,,,,,,,,,,,
William Koot,,0.0,0.0,,0.0,,0.0,0.0,R8_animals.csv,0.0,0.0,0.0,0.0,0.0,0.0,0.0,0.0,0.0,0.0,0.0,0.0,0.0,0.0,0.0,0.0,0.0,0.0,0.0,0.0,0.0,0.0,0.0,0.0,0.0,0.0,0.0,0.0,0.0,,,,,,,,,,,,,,,,,,,,,,,,,,,,,,
William Koot,,0.0,0.0,,0.0,,0.0,0.0,R8_animals.csv,0.0,0.0,0.0,0.0,0.0,0.0,0.0,0.0,0.0,0.0,0.0,0.0,0.0,0.0,0.0,0.0,0.0,0.0,0.0,0.0,0.0,0.0,0.0,0.0,0.0,0.0,0.0,0.0,0.0,,,,,,,,,,,,,,,,,,,,,,,,,,,,,,
William Koot Dairy - Holland,32309 Holland Road,1200.0,150.0,,200.0,,0.0,0.0,R8_animals.csv,0.0,0.0,0.0,1550.0,0.0,0.0,0.0,0.0,0.0,0.0,0.0,0.0,0.0,0.0,0.0,0.0,0.0,0.0,15654462.35832,16124096.2290696,0.0,0.0,0.0,0.0,0.0,75388.2,0.0,0.0,0.0,,,,,,,,,,,,,,,,,,,,,,,,,,,,,,
Zephyr Dairy,7360 Pine Avenue,0.0,0.0,,0.0,,720.0,0.0,R8_animals.csv,0.0,0.0,0.0,720.0,0.0,0.0,0.0,0.0,0.0,0.0,0.0,0.0,0.0,0.0,0.0,0.0,0.0,0.0,0.0,0.0,0.0,0.0,0.0,0.0,0.0,4651.2,0.0,0.0,0.0,,,,,,,,,,,,,,,,,,,,,,,,,,,,,,
,,0.0,0.0,,0.0,,0.0,0.0,R8_animals.csv,0.0,0.0,0.0,0.0,0.0,0.0,0.0,0.0,0.0,0.0,0.0,0.0,0.0,0.0,0.0,0.0,0.0,0.0,0.0,0.0,0.0,0.0,0.0,0.0,0.0,0.0,0.0,0.0,0.0,,,,,,,,,,,,,,,,,,,,,,,,,,,,,,
,,43542.0,9707.0,,16867.0,,13776.0,1369.0,R8_animals.csv,0.0,0.0,0.0,85261.0,0.0,0.0,0.0,0.0,0.0,0.0,0.0,0.0,0.0,0.0,0.0,0.0,0.0,0.0,617469974.9023567,635994074.1494274,0.0,0.0,0.0,0.0,0.0,3236581.4479999994,0.0,0.0,0.0,,,,,,,,,,,,,,,,,,,,,,,,,,,,,,
