RB,Responsible Party,Place (Facility),WDID,Violation ID,Violation Type,Priority Violation,Violation Program,Status, Date Occured,Violation Description,Comments,Corrective Action,Enforcement Action ID,Enforcement Action,EA Order Number,EA Effective Date,County,Staff,Discovery Date
5F,Flavio Martins,F&S Brasil Dairy,5D165056001,1111713,Order Conditions,B,ANIWSTCOWS,Violation,1/3/23,Standing water observed in the southern portion of the corrals is a violation of Production Area Specification D.6. ,,,null,null,null,null,Kings,Lewis Lummen,null
5F,Flavio Martins,F&S Brasil Dairy,5D165056001,1111714,Order Conditions,B,ANIWSTCOWS,Violation,1/3/23,"Waste applications to crops indicated by the 2017 Annual Report have resulted in nitrogen balance ratios in excess of 1.65. Nutrient applications resulting in nitrogen balance ratios in excess of 1.65 are in violation of Land Application Specification E.5.a and Attachment C, Technical Standards for Nutrient Management, Nutrient Application Rates, Nitrogen, section B.2.a.",,,null,null,null,null,Kings,Lewis Lummen,null
8,American Beef Packers Inc,American Beef Packers,8 366022001,1113150,Reporting -> Late Report,B,ANIWSTCOWS,Dismissed,1/15/23,"Failure to submit a complete Annual Monitoring Report for the 2022 calendar year by the January 15th deadline, as required by Section XI.A.3, Attachment B of Order No. R8-2018-0001.  *** Dismissed:Annual Report for the 2022 calendar year was submitted on February 22, 2023.","On November 17, 2022, A notification letter was mailed to the Discharger with attached required forms (Form 2: Summary Report of Weekly Storm Water Management Structure Inspections, Form 3: Annual Report, Form 4: Manure Tracking Manifest). ",A complete Annual Report for the 2022 calendar year must be submitted.,451304,Notice of Violation,null,2/7/23,San Bernardino,Michael  Kashak(+),null
6B,Dutch Dairy Mike Devries,Dutch Dairy,6B368010001,1113575,Order Conditions,B,ANIWSTCOWS,Violation,1/19/23,"During a site inspection on 1/19/23, ponding was observed in some corrals, as well as elevated levels of manure in corrals following a storm event. Muddy tracks with ponding were observed and not following best management practices after a storm event.","This violation was observed during a site inspection on January 19, 2023. ",Discharger must remove manure from the corrals and take measures to ensure best management practices are followed. ,452760,Oral Communication,null,1/19/23,San Bernardino,Sergio Alonso,1/19/23
8,Robert Feenstra,Archibald Ranch,8 366039001,1113628,Reporting -> Late Report,B,ANIWSTCOWS,Violation,1/16/23,"Failure to submit a complete 2022 Annual Report by the 1/15/2023 deadline, as required by Section XI.A.3 of Attachment B of Order No. R8-2018-0001.",,,451350,Notice of Violation,null,2/7/23,San Bernardino,Michael  Kashak(+),null
8,"Venegas, Art",Art Venegas Dairy - Euclid,8 365975001,1113632,Reporting -> Late Report,B,ANIWSTCOWS,Violation,1/16/23,Failure to submit a complete 2022 Annual Report by the 1/15/2023 deadline.,,,451353,Notice of Violation,null,2/7/23,San Bernardino,Michael  Kashak(+),1/16/23
8,"Batista, Zach",Batista Family Farm LLC,8 366013001,1113654,Reporting -> Late Report,B,ANIWSTCOWS,Violation,1/16/23,Failure to submit a complete 2022 Annual Report by the 1/15/2023 deadline.,,,451370,Notice of Violation,null,2/7/23,San Bernardino,Michael  Kashak(+),1/16/23
8,Frank Souza,Frank Souza Dairy - Euclid,8 365465001,1113655,Reporting -> Late Report,B,ANIWSTCOWS,Violation,1/16/23,Failure to submit a complete 2022 Annual Report by the 1/15/2023 deadline.,2022 Annual Report was submitted and received on 02-23-2023. Missing Form 4: Manure manifest. ,,451371,Notice of Violation,null,2/7/23,San Bernardino,Michael  Kashak(+),1/16/23
8,"Borba, George",George Borba & Son Dairy,8 365291001,1113656,Reporting -> Late Report,B,ANIWSTCOWS,Violation,1/16/23,Failure to submit a complete 2022 Annual Report by the 1/15/2023 deadline.,2022 Annual Report was received on 03/03/2023 from George Borba. ,,451372,Notice of Violation,null,2/7/23,San Bernardino,Michael  Kashak(+),1/16/23
8,"De Jong, Arie",Hollandia Farms North,8 335691001,1113657,Reporting -> Late Report,B,ANIWSTCOWS,Violation,1/16/23,Failure to submit a complete 2022 Annual Report by the 1/15/2023 deadline.,2022 Annual Report was received on 08/25/2023. ,,451373,Notice of Violation,null,2/7/23,Riverside,Michael  Kashak(+),1/16/23
8,LaBrucherie Bros LLC,LaBrucherie Bros LLC - Schaefer,8 366020001,1113658,Reporting -> Late Report,B,ANIWSTCOWS,Violation,2/7/23,Failure to submit a complete 2022 Annual Report by the 1/15/2023 deadline.,,,451374,Notice of Violation,null,2/7/23,San Bernardino,Michael  Kashak(+),2/7/23
8,"Bouma, Peter",P & D Dairy #3,8 365994001,1113659,Reporting -> Late Report,B,ANIWSTCOWS,Violation,1/16/23,Failure to submit a complete 2022 Annual Report by the 1/15/2023 deadline.,,,451375,Notice of Violation,null,2/7/23,San Bernardino,Michael  Kashak(+),1/16/23
8,Josh de Jong,Ramona Dairy #2,8 335705001,1113660,Reporting -> Late Report,B,ANIWSTCOWS,Violation,1/16/23,Failure to submit a complete 2022 Annual Report by the 1/15/2023 deadline.,,,451376,Notice of Violation,null,2/7/23,Riverside,Michael  Kashak(+),1/16/23
8,Josh de Jong,Ramona Dairy,8 335695001,1113661,Reporting -> Late Report,B,ANIWSTCOWS,Violation,1/16/23,Failure to submit a complete 2022 Annual Report by the 1/15/2023 deadline.,,,451377,Notice of Violation,null,2/7/23,Riverside,Michael  Kashak(+),1/16/23
8,Southwest Dairy Inc,Legend Dairy Farms - 8185 Edison,8 366043001,1113662,Reporting -> Late Report,B,ANIWSTCOWS,Violation,1/16/23,Failure to submit a complete 2022 Annual Report by the 1/15/2023 deadline.,Submitted by Betsy Hunter on 03/09/2024.,,451378,Notice of Violation,null,2/7/23,San Bernardino,Daric  Ameye(+),1/16/23
8,Frank Souza,Souza Dairy,8 366023001,1113664,Reporting -> Late Report,B,ANIWSTCOWS,Violation,1/16/23,NOV issued 2/7/2023 for failure to submit a complete 2022 Annual Report by the 1/15/2023 deadline. ,2022 Annual Report was submitted and received on 02-23-2023. Missing Form 4: Manure manifest. ,,451379,Notice of Violation,null,2/7/23,San Bernardino,Michael  Kashak(+),1/16/23
8,Frank Souza,Zephyr Dairy,8 366027001,1113665,Reporting -> Late Report,B,ANIWSTCOWS,Violation,1/16/23,Failure to submit a complete 2022 Annual Report by the 1/15/2023 deadline. ,2022 Annual Report was submitted and received on 02-23-2023. Missing Form 4: Manure manifest. ,,451380,Notice of Violation,null,2/7/23,San Bernardino,Michael  Kashak(+),1/16/23
5S,Double D Dairy,Double D Dairy,5B50NC00024,1116404,Other Codes,A,ANIWSTCOWS,Violation,3/1/23,"Standard Provision B.17, Animal waste storage areas and containment structures shall be designed, constructed, and maintained to limit, to the greatest extent possible, infiltration, inundation, erosion, slope failure, washout, overtopping, by-pass, and overflow.",,,null,null,null,null,Stanislaus,Daniel Gamon,3/1/23
5S,Joe Xavier Dairy,D Barcelos Dairy,5B24NC00218,1116736,Other Codes,B,ANIWSTCOWS,Violation,5/15/23,Primary wastewater storage lagoon with zero freeboard. Primary wastewater storage lagoon does not contain a freeboard / depth marker. Primary wastewater storage lagoon discharging wastewater and slurry manure off-property. Failure to manage wastewater/solid manure at the manure storage area and south of the manure storage area. Corral run-off discharging to cropland. StoringExcessive weeds on the primary and secondary wastewater storage lagoon embankments. wastewater and slurry manure on cropland. ,,,null,null,null,null,Merced,Sean  Walsh,5/15/23
5S,"Garcia, Tony",Tony & Fatima Garcia Dairy,5B50NC00097,1116762,Other Codes,B,ANIWSTCOWS,Violation,5/9/23,"Current violations including ponding in the corrals, freeboard requirements, and rodent holes, along with the discharge to cropland that happened the week prior. The discharge of corral wastewater to cropland is a violation of Dairy General Order Prohibition A.9. The ponding of wastewater in corrals and solid waste storage areas is a violation of Dairy General Order Production Area Specification D.6. The minimal amount of freeboard in the wastewater storage lagoon is a violation of Dairy General Order Pond Specification C.1. The excessive rodent holes in the embankments of the wastewater storage lagoon and settling basin are a violation of Dairy General Order Specification B.1 and MRP, A, Table 1.","Discharger has to address all issues., notify staff and staff will reinspect.",1. Immediately discontinue non-nutrient recycling discharges of wastewater with manure constituents from corrals to cropland. 2. Regrade corrals or install infrastructure to promote wastewater drainage to the lagoon by no later than 28 June 2023; notify staff and staff will reinspect. 3. Immediately increase the freeboard within the ponds to be greater than 2 feet. 4. Abate burrowing animals from lagoon embankments and repair/backfill defects on lagoon embankments,null,null,null,null,Stanislaus,Daniel Gamon,5/9/23
5S,"Pond, Judith",Judith Pond Property,5B34NC00033,1116800,Order Conditions,B,ANIWSTCOWS,Violation,1/3/23,Excessive vegetation/weeds inside the settling basin.,Remove excessive vegetation/weeds. Provide photos of the settling basin after the weeds have been removed.,,null,null,null,null,Sacramento,Sean  Walsh,1/3/23
5S,"Veldhuis, Ray & Jeanette",Veldhuis North Dairy,5B24NC00033,1116818,Other Codes,B,ANIWSTCOWS,Violation,5/15/23,Discharge of wastewater from tailwater pond. Minimal amount of freeboard in the wastewater Storage lagoon.,Repair tailwater pond. Provide proof of repaired tailwater pond. Achieve the required freeboard in the storage lagoon. Provide proof of required freeboard.,,null,null,null,null,Merced,Sean  Walsh,5/15/23
5S,"Kisst, John",Kisst Dairy,5B39NC00144,1117934,Other Codes,B,ANIWSTCOWS,Violation,3/28/23,Off-Property Wastewater Discharge. Uncontained corral runoff flowing off-property,Immediately stop discharging wastewater off-property and direct wastewater runoff to your wastewater storage ponds.,,null,null,null,null,San Joaquin,Gilberto  Corral,3/28/23
5S,"Agueda, Danny",Blue Sky Dairy,5B24NC00214,1118478,Other Codes,B,ANIWSTCOWS,Violation,7/13/23,Off-Property Wastewater Discharge. Using former fishponds for manure wastewater storage that are not considered existing or meet the Tier I/Tier II criteria. Disposal of manure wastewater on cropland for purposes other than nutrient recycling,,"By the Due Date, drain/dewater former fishponds and cease using them for wastewater storage.",453510,Notice of Violation,null,7/13/23,Merced,Gilberto  Corral,7/13/23
3,California Polytechnic State University - San Luis Obispo,"California Polytechnic University, Confined Animal Waste",3 400006001,1120065,Water Quality -> Receiving Water -> Surface Water,B,ANIWSTCOWS,Violation,1/9/23,"As a direct result of the recent series of atmospheric river events, Cal Poly experienced an overflow from the Dairy Unit wastewater storage lagoon operated under WDR Order R3-2003-35. The overflow began at approximately 12:15 on January 9th, 2023. Flow discharged through a designed relief overflow outlet at the south-east end of the primary dairy lagoon and through a series of stormwater drainage conveyances which ultimately terminate at Stenner Creek, a tributary to San Luis Obispo Creek. The discharge was reported to the California Office of Emergency Services at 13:45 (report ID 23-0251). Report of the event was also made to the Central Coast Regional Water Quality Control Board via email at 14:04. The approximate volume released from the lagoon was 53,058 gallons.",,,null,null,null,null,San Luis Obispo,James  Bishop,null
5F,"SC Critchley, Inc.","All Seasons Logistics, LLC",5C54NC00111,1121944,Reporting -> Late Report,B,ANIWSTCOWS,Violation,7/4/23,Failure to submit the 2022 Annual Report by 1 July 2022,,,455067,Notice of Violation,null,10/26/23,Tulare,Lorin  Sutton,7/4/23
5F,Ajmail Singh Sangha and Parajmeet Kour Sangha,Former F and J Delano Dairy,5D545161N01,1121945,Reporting -> Deficient Reporting,B,ANIWSTCOWS,Violation,7/3/23,Failure to submit the 2022 Annual Report.,,submit the 2022 annual report,455069,Notice of Violation,null,10/26/23,Tulare,Lorin  Sutton,7/3/23
5S,"Silva, Arthur F & Tina",Art Silva and Son Dairy,5B50NC00058,1123532,Other Codes,B,ANIWSTCOWS,Violation,9/20/23,"All process wastewater applied to land application areas must infiltrate completely within 72 hours after application. Weeds shall be minimized through control of water depth, harvesting, or other appropriate method.",,,455717,Notice of Violation,null,2/1/24,Stanislaus,Bryan  Botsford,9/20/23
8,Craig Gordon,Gordon Dairy #4,8 366004001,1124764,Unauthorized Discharge,B,ANIWSTCOWS,Violation,2/23/24,"On February 23, 2024, at approximately 10:45 AM, Santa Ana Water Board staff observed liquid discharging on to Eucalyptus Avenue from a containment pond located at Gordon Dairy #4. The liquid appeared to flow west on Eucalyptus Avenue to Bon View Avenue.",,,456085,Notice of Violation,null,2/29/24,San Bernardino,Michael  Kashak(+),null
5F,Gerben Leyendekker,East View Dairy,5D545171001,1125157,Order Conditions,B,ANIWSTCOWS,Violation,2/15/23,Standing wastewater at the northeast and central portions of the livestock corrals and at the manure storage/drying areas is a violation of Production Area Specification D.6. ,,Submit a description of the measures that have been taken to assure wastewater will be conveyed in the future to the wastewater retention system within 72 hours following a storm event.,null,null,null,null,Tulare,Lorin  Sutton,2/15/23
5F,Gerben Leyendekker,East View Dairy,5D545171001,1125158,Order Conditions,B,ANIWSTCOWS,Violation,2/15/23,"The Waste Management Plan has not been updated to reflect existing conditions at the Dairy, notably the expansion of the production area by the addition of the manure drying area.  ","As a result, the 2014 Revised Waste Management Plan does not provide an accurate estimate of required wastewater capacity. This is a violation of Required Reports and Requirements J.1.B.",Submit an engineering report assessing whether the wastewater retention system has sufficient capacity to retain the wastewater generated during the Order designated storage period.,null,null,null,null,Tulare,Lorin  Sutton,2/15/23
5F,"Leyendekker,Gerben & Pauline V TR",G-P Dairy,5C54NC00060,1125161,Order Conditions,B,ANIWSTCOWS,Violation,2/15/23,Standing water observed at the northwest livestock corrals more than 72 hours following a storm event is a violation of Production Area Specification D.6.,,Submit a description of the measures that have been taken to assure wastewater will be conveyed in the future to the wastewater retention system within 72 hours following a storm event.,null,null,null,null,Tulare,Lorin  Sutton,2/15/23
5F,"Martin, Louie",Fernjo Dairy #2,5C54NC00151,1125171,Order Conditions,B,ANIWSTCOWS,Violation,6/2/23,Mixed manure and animal carcass remains noted at the borrow pit represent inappropriate mortality management practices. ,Disposal of dead animals at the Dairy is a violation of Prohibition A.6 and the Operations and Maintenance Plan for the Dairy.,Submit documentation that mixed manure and animal carcass remains have been appropriately disposed.,null,null,null,null,Tulare,Lorin  Sutton,6/2/23
5F,"Martin, Louie",Fernjo Dairy #2,5C54NC00151,1125172,Order Conditions,B,ANIWSTCOWS,Violation,6/2/23,Wastewater within the borrow pit more than 72 hours following a storm event is a violation of Production Area Specification D.6. ,,"Submit documentation that standing wastewater, residual manure, and manure affected soils have been removed from the borrow pit and either conveyed to the wastewater retention system or appropriately used for nutrient recycling.",null,null,null,null,Tulare,Lorin  Sutton,6/2/23
5F,"Hettinga, Steve",Avenue 128 Dairy,5D545013N01,1125305,Order Conditions,B,ANIWSTCOWS,Violation,2/1/23,"Erosion along the sidewall of the wastewater storage pond is a violation of Standard Provisions and Reporting Requirements (SPRR), Provision B.17 and inconsistent with the Operations and Maintenance Plan (O&M Plan) prepared for the Dairy.","The noted condition represents a violation of Standard Provisions and Reporting Requirements (SPRR), Provision B.17 and inconsistent with the Operations and Maintenance Plan (O&M Plan) prepared for the Dairy, as required by Attachment B, Waste Management Plan for the Production Area, Paragraph V.B.",Completed.,null,null,null,null,Tulare,Lorin  Sutton,2/1/23
5F,"Mendes, Eddie",Georgenson Dairy,5D165030001,1125679,Order Conditions,B,ANIWSTCOWS,Violation,10/19/23,"Manure and wastewater appear to have been applied within a declared land application area northwest of the production area and non-production area south of the production area at non-agronomic rates, in violation of Prohibition A.9, which prohibits land application of manure or process wastewater for purposes other than nutrient recycling.",,,456518,Notice of Violation,null,4/9/24,Kings,Lewis Lummen,null
5F,"Mendes, Eddie",Georgenson Dairy,5D165030001,1125680,Reporting -> Failure to Notify,B,ANIWSTCOWS,Violation,10/19/23,"A Priority Reporting of Significant Events (PROSE) notification of noncompliance with Prohibition A.9 (cited above) was not provided within 24 hours of becoming aware of its occurrence, nor was a written report submitted within two weeks of its occurrence, in violation of the MRP, Section C, Reporting Requirements.",,,456518,Notice of Violation,null,4/9/24,Kings,Lewis Lummen,null
5F,"Mendes, Eddie",Georgenson Dairy,5D165030001,1125681,Reporting -> Late Report,B,ANIWSTCOWS,Violation,10/19/23,"Failure to submit a revised Flood Study as requested in 19 June 2018 Inspection Report, in violation of Required Reports and Notices J.1.b.",,,456518,Notice of Violation,null,4/9/24,Kings,Lewis Lummen,null
5F,"Mendes, Eddie",Georgenson Dairy,5D165030001,1125682,Reporting -> Late Report,B,ANIWSTCOWS,Violation,10/19/23,Failure to submit a new Report of Waste Discharge (RWD) for the expansion of the Dairy’s Production Area ,,,456518,Notice of Violation,null,4/9/24,Kings,Lewis Lummen,null
5S,Art Silva Dairy #2,Art Silva Dairy,5B50NC00146,1125820,Other Codes,B,ANIWSTCOWS,Violation,1/23/24,"Updated Waste Management Plan is required to be maintained, backflow prevention to surface water is required. 2 feet of freeboard is required in wastewater storage ponds, stormwater sampling is required to be performed.",,,456533,Notice of Violation,null,4/10/24,Stanislaus,Bryan  Botsford,1/23/24
5F,"Garcia, Eduardo",Hacienda Feedlot,5D155081N01,1126225,Reporting -> Late Report,B,ANIWSTCOWS,Violation,7/1/23,"Failure to submit the 2022 Annual Report in accordance with Water Code Section 13267, Provisions H.4 of Order R5-2017-0058.",,,456674,Notice of Violation,null,1/17/24,Kern,Brian D Hitz,null
5S,"Soares, Jose and Teresa",Jose & Teresa Soares Dairy,5B24NC00288,1126443,Order Conditions,B,ANIWSTCOWS,Violation,1/11/24,The 2011 WMP shows the Dairy doesn’t meet the required storage capacity,,,null,null,null,null,Merced,Lamyae Zinebi,null
5S,"Belo, Antonio",Belo Dairy,5A52NC00042,1128440,Other Codes,B,ANIWSTCOWS,Violation,1/19/24,Failure to manage manure. Large stockpiles of solid and slurry manure being store outside a dedicated storage impoundment. Failure to manage wastewater storage lagoon. Zero (0) freeboard at the primary wastewater storage lagoon.,,,457172,Notice of Violation,null,6/4/24,Tehama,Sean  Walsh,1/19/24
5F,"Avalon Dairy Farms, LLC",Avalon Dairy Farms,5D155093001,1128451,Order Conditions,B,ANIWSTCOWS,Violation,2/13/24,"Standing wastewater was observed more than 72 hours after a storm event in the manure storage area which is a violation of Production Area Specification D.6. Klay Mittel of Sentry Ag Services, LLC provided documentation after the inspection showing the observed standing wastewater had been removed. This violation has been resolved. ",,,457183,Oral Communication,null,6/5/24,Kern,Brian D Hitz,null
5F,"Bidart Dairy II, LLC(+)",Bear 5 Feedlot,5D155059N01,1128453,Order Conditions,B,ANIWSTCOWS,Violation,2/13/24,"Standing wastewater was observed more than 72 hours after a storm event in the northeastern livestock corrals which is a violation of Production Area Specification D.6. Klay Mittel of Sentry Ag Services, LLC provided documentation after the inspection showing the observed standing wastewater had been removed. This violation has been resolved. ",,,457185,Oral Communication,null,6/5/24,Kern,Brian D Hitz,null
5F,"Rosa, Manuel",Faial Farms Dairy,5C15NC00038,1128456,Order Conditions,B,ANIWSTCOWS,Violation,2/13/24,"Standing wastewater was observed more than 72 hours after a storm event in the western livestock corrals which is a violation of Production Area Specification D.6. Dominic Patino of Icon Agricultural, LLC provided documentation after the inspection showing the observed standing wastewater had been removed. This violation has been resolved.",,,457186,Oral Communication,null,6/5/24,Kern,Brian D Hitz,null
5F,"Bos, John & Andi Bos",Maple Dairy,5D155058002,1128457,Order Conditions,B,ANIWSTCOWS,Violation,2/13/24,"Standing wastewater was observed more than 72 hours after a storm event in the northern livestock corrals which is a violation of Production Area Specification D.6. Dominic Patino of Icon Agricultural, LLC provided documentation after the inspection showing the observed standing wastewater had been removed. This violation has been resolved.",,,457188,Oral Communication,null,6/5/24,Kern,Brian D Hitz,null
5F,"Echeverria, Juan",Maya Dairy,5C15NC00050,1128458,Order Conditions,B,ANIWSTCOWS,Violation,2/13/24,"Standing wastewater was observed more than 72 hours after a storm event in the northwestern livestock corrals and hay storage area which is a violation of Production Area Specification D.6. Klay Mittel of Sentry Ag Services, LLC provided documentation after the inspection showing the observed standing wastewater had been removed. This violation has been resolved. ",,,457189,Oral Communication,null,6/5/24,Kern,Brian D Hitz,null
5F,Pete and Agnes de Jong Family Trust,Oasis Holsteins Dairy,5D155065001,1128459,Order Conditions,B,ANIWSTCOWS,Violation,2/13/24,Standing wastewater was observed more than 72 hours after a storm event in the southern livestock corrals and feed storage area which is a violation of Production Area Specification D.6. Bruce Livingston of Livingston Dairy Consulting provided documentation after the inspection showing the observed standing wastewater had been removed. This violation has been resolved.,,,457190,Oral Communication,null,6/5/24,Kern,Brian D Hitz,null
5F,"De Boer, Pete",Peterson Dairy,5D155086N01,1128461,Order Conditions,B,ANIWSTCOWS,Violation,2/13/24,"Standing wastewater was observed more than 72 hours after a storm event in the northern livestock corrals which is a violation of Production Area Specification D.6. Klay Mittel of Sentry Ag Services, LLC provided documentation after the inspection showing the observed standing wastewater had been removed. This violation has been resolved.",,,457191,Oral Communication,null,6/5/24,Kern,Brian D Hitz,null
5F,Trilogy Dairy,Trilogy Dairy,5C15NC00046,1128468,Order Conditions,B,ANIWSTCOWS,Violation,2/13/24,"Standing wastewater was observed more than 72 hours after a storm event in the northern livestock corrals which is a violation of Production Area Specification D.6. Dominic Patino of Icon Agricultural, LLC provided documentation after the inspection showing the observed standing wastewater had been removed. This violation has been resolved. ",,,457193,Oral Communication,null,6/5/24,Kern,Brian D Hitz,null
5F,Black Oak LLC,Black Oak LLC,5C10NC00088,1128514,Reporting -> Late Report,B,ANIWSTCOWS,Violation,10/23/23,Failure to submit the 2022 Annual Report.,,,457220,Notice of Violation,null,10/26/23,Fresno,Jameela Zaghmouri,null
5F,Carlos Costa,"J and A Dairy, LLC",5D165083001,1129315,Order Conditions,B,ANIWSTCOWS,Violation,1/19/24,"Staff visited the facility in response to a complaint email from the Santa Rosa Rancheria Tachi-Yokuts Tribe stating J and A Dairy, LLC had applied waste to land they own without permission. Upon arrival, a standing wastewater pond and large manure pile were observed on land owned by the Santa Rosa Rancheria Tachi-Yokuts Tribe.",,,null,null,null,null,Kings,Lewis Lummen,1/26/24
5F,A&M Farms,A & M Farms Dairy,5C10NC00061,1129480,Deficient Monitoring,B,ANIWSTCOWS,Violation,11/20/23,"A wastewater sample was not documented, as required by the Monitoring and Reporting Program (MRP), Table 2, Nutrient Monitoring, Process Wastewater, for one quarter in 2018, 2020, and 2021",,,null,null,null,null,Fresno,Jameela Zaghmouri,11/20/23
5F,A&M Farms,A & M Farms Dairy,5C10NC00061,1129481,Deficient Monitoring,B,ANIWSTCOWS,Violation,11/20/23,"A manure sample was not documented, as required by the Monitoring and Reporting Program (MRP), Table 2, Nutrient Monitoring, Manure, for one sample in 2017, 2018, 2019, 2021, 2022, and both samples in 2020",,,null,null,null,null,Fresno,Jameela Zaghmouri,11/20/23
5F,A&M Farms,A & M Farms Dairy,5C10NC00061,1129482,Deficient Monitoring,B,ANIWSTCOWS,Violation,11/20/23,"A biennially general minerals laboratory analyses was not documented for 2019 and 2021, as required by the Monitoring and Reporting Program (MRP), Table 2, Nutrient Monitoring, Manure",,,null,null,null,null,Fresno,Jameela Zaghmouri,11/20/23
5F,"Jim Fontes, Tony Fontes, Alice Poole, and Maria Schilling",Fontes Dairy Farms-Dairy #1,5C10NC00094,1129484,Deficient Monitoring,B,ANIWSTCOWS,Violation,10/3/23,"Plant tissue sample results for crops harvested from Fields 4 and 5 were not included in the 2020 Annual Report, which is a violation of the MRP, Table 2, Nutrient Monitoring",,,null,null,null,null,Fresno,Jameela Zaghmouri,10/3/23
5F,John Cardoso(+),Joao Cardoso Dairy Inc.,5C205021001,1129509,Deficient Monitoring,B,ANIWSTCOWS,Violation,1/30/23,"Second through fourth quarter wastewater sample results were not documented in the 2020 Annual Report, first through fourth quarter wastewater sample results were not documented in the 2021 Annual Report, and biennial wastewater samples results were not documented in the 2020 through 2021 Annual Reports, which is a violation of the MRP, Table 2, Nutrient Monitoring, Wastewater",,,null,null,null,null,Madera,Jameela Zaghmouri,1/30/23
5F,John Cardoso(+),Joao Cardoso Dairy Inc.,5C205021001,1129510,Deficient Monitoring,B,ANIWSTCOWS,Violation,1/30/23,"Manure sample results were not documented in the 2020 and 2021 Annual Reports including biennial samples results, which is a violation of the MRP, Table 2, Nutrient Monitoring",,,null,null,null,null,Madera,Jameela Zaghmouri,1/30/23
5F,John Cardoso(+),Joao Cardoso Dairy Inc.,5C205021001,1129511,Deficient Monitoring,B,ANIWSTCOWS,Violation,1/30/23,"Groundwater samples result for domestic well DW#1 were not included in the 2020 and 2021 Annual Reports, which is a violation of the MRP, Table 4, Groundwater Monitoring",,,null,null,null,null,Madera,Jameela Zaghmouri,1/30/23
5F,"Bottasso Farms, LLC(+)","Kiss Cattle, LLC",5C10NC00068,1129512,Deficient Monitoring,B,ANIWSTCOWS,Violation,10/2/23,"Plant tissue sample results for crops harvested from Fields 4 and 5 were not included in the 2020 Annual Report, which is a violation of the MRP, Table 2, Nutrient Monitoring",,,null,null,null,null,Fresno,Jameela Zaghmouri,10/2/23
5F,"Flatland Farms, LLC(+)","Flatland Farms, LLC",5C16NC00025,1130021,Reporting -> Deficient Reporting,B,ANIWSTCOWS,Violation,7/29/24,Missing an Irrigation Well sample for Ag Well 1 in the 2018 Annual Report in violation of Table 2 of the Sampling and Monitoring Program. ,,,457895,Notice of Violation,null,7/29/24,Kings,Lewis Lummen,null
8,"Batista, Zach",Batista Family Farm LLC,8 366013001,1131780,Reporting -> Late Report,B,ANIWSTCOWS,Violation,1/16/24,Failure to submit a complete 2023 Annual Report by the 1/15/2024 deadline. ,,,458460,Staff Enforcement Letter,null,9/11/24,San Bernardino,Michael  Kashak(+),1/16/24
5S,"Quaresma, Raymond M. & Sue",Raymond M. & Sue Quaresma Dairy,5B39NC00131,1132750,Order Conditions,B,ANIWSTCOWS,Violation,6/26/24,Missing cover letter signed by authorized representative and certification statement. Missing annual assessment of groundwater monitoring data and evaluation of groundwater monitoring programs adequacy. Groundwater concentration limits exceeded,,,458545,Notice of Violation,null,9/24/24,San Joaquin,Gilberto  Corral,6/26/24
5F,"Simoes, Joe M",Joe Simoes Family Dairy,5C54NC00162,1133003,Order Conditions,B,ANIWSTCOWS,Dismissed,6/2/23,Standing wastewater at the west collection sump more than 72 hours following a storm event is a violation of Production Area Specification D.6. *** Dismissed:Subsequent email communication and photograph from discharger show that standing wastewater has been pumped out and violation is resolved. ,Subsequent email communication and photograph from discharger show that standing wastewater has been pumped out and violation is resolved. ,,null,null,null,null,Tulare,Lorin  Sutton,6/2/23
5F,"Rau, William Fred",Fred Rau Dairy,5D101039001,1134472,Reporting -> Deficient Reporting,B,ANIWSTCOWS,Violation,6/4/24,"Groundwater sample results for well Barn #1 Domestic were not included in the 2022 Annual Report and general mineral five-year samples for wells Barn #1 Domestic and 11906 S. Jameson were not included in the 2018 through 2023 Annual Reports, which is a violation of the MRP, Table 4, Groundwater Monitoring. ",,,458781,Notice of Violation,null,10/14/24,Fresno,Jameela Zaghmouri,null
5F,Black Oak LLC,Black Oak LLC,5C10NC00088,1134475,Order Conditions,B,ANIWSTCOWS,Violation,6/10/24,"Records of mortality management have not been documented, which is a violation of the MRP, Record-Keeping Requirement B.2.d. ",,,458784,Notice of Violation,null,10/14/24,Fresno,Jameela Zaghmouri,null
5F,Black Oak LLC,Black Oak LLC,5C10NC00088,1134476,Order Conditions,B,ANIWSTCOWS,Violation,6/10/24,"Weekly and monthly Production Area inspection records, including stormwater inspection records and wastewater pond photographs were not available for review, which is a violation of the MRP, Table 1, Inspections, Production Area. ",,,458784,Notice of Violation,null,10/14/24,Fresno,Jameela Zaghmouri,null
5F,Black Oak LLC,Black Oak LLC,5C10NC00088,1134479,Order Conditions,B,ANIWSTCOWS,Violation,6/10/24,"The nutrient budget detailing the sources, amounts (or volumes), and timing of nutrient applications, expected nitrogen removal rates from crop harvest data, and expected nitrogen balance ratios for the individual crops grown at the land application fields was not available for review. Nutrient application without guidance from a Certified Nutrient Management Plan is a violation of Land Application Specification E.2 and the MRP, Record Keeping Requirement B.1.",,,458784,Notice of Violation,null,10/14/24,Fresno,Jameela Zaghmouri,null
5F,Black Oak LLC,Black Oak LLC,5C10NC00088,1134480,Order Conditions,B,ANIWSTCOWS,Violation,6/10/24,"Records of onsite monitoring activities such as laboratory analytical reports were not available for review, which is a violation of Standard Provisions and Reporting Requirement D.5. ",,,458784,Notice of Violation,null,10/14/24,Fresno,Jameela Zaghmouri,null
5F,Black Oak LLC,Black Oak LLC,5C10NC00088,1134481,Order Conditions,B,ANIWSTCOWS,Violation,6/10/24,"A setback plan was not available for review and protective measures to prevent the application of Dairy waste to cropland within 100 feet of groundwater wells and surface water bodies have not been implemented, which is a violation of General Specification B.7 and Standard Provisions and Reporting Requirement B.18. ",,,458784,Notice of Violation,null,10/14/24,Fresno,Jameela Zaghmouri,null
5F,Black Oak LLC,Black Oak LLC,5C10NC00088,1134482,Order Conditions,B,ANIWSTCOWS,Violation,6/10/24,"A sampling and analysis plan was not available for review, which is a violation of Attachment C, Contents of a Nutrient Management Plan, Item II. ",,,458784,Notice of Violation,null,10/14/24,Fresno,Jameela Zaghmouri,null
5F,Black Oak LLC,Black Oak LLC,5C10NC00088,1134483,Order Conditions,B,ANIWSTCOWS,Violation,6/10/24,"Irrigation records were not available for review, which is a violation of the MRP, Table 2, Nutrient Monitoring, Irrigation Water. ",,,458784,Notice of Violation,null,10/14/24,Fresno,Jameela Zaghmouri,null
5F,Black Oak LLC,Black Oak LLC,5C10NC00088,1134484,Order Conditions,B,ANIWSTCOWS,Violation,6/10/24,"Excessive vegetation was observed at the wastewater storage ponds, which is a violation of Attachment B, Waste Management Plan for the Production Area, Item V.B.",,,458784,Notice of Violation,null,10/14/24,Fresno,Jameela Zaghmouri,null
5F,"Vander Schaaf, David",David Vander Schaaf Dairy,5D155056N01,1134567,Reporting -> Deficient Reporting,B,ANIWSTCOWS,Violation,8/12/24,"Plant tissue sample results for Field F1 corn, Field F2 corn, and Field F3 corn were not included in the 2023 Annual Report; and Field F1 sorghum, Field F2 sorghum, and Field F3 sorghum were not included the 2020 Annual Report, which is a violation of the MRP, Table 2, Nutrient Monitoring.",,,458809,Notice of Violation,null,10/16/24,Kern,Brian D Hitz,null
5F,"Vander Schaaf, David",David Vander Schaaf Dairy,5D155056N01,1134568,Order Conditions,B,ANIWSTCOWS,Violation,8/12/24,"Excessive vegetation was observed at Wastewater Ponds 1, 2, 4, and 5; and less than one foot of available freeboard was observed at Wastewater Pond 5, which is a violation of the Operations and Maintenance Plan prepared for the Dairy, as required by Attachment B, Waste Management Plan for the Production Area, Item V.B.",,,458809,Notice of Violation,null,10/16/24,Kern,Brian D Hitz,null
5F,"De Boer, Willem(+)",4 Corners Dairy,5D545045001,1134569,Reporting -> Deficient Reporting,B,ANIWSTCOWS,Violation,8/13/24,"Plant tissue sample results for Field 2-103 corn were not included in the 2020 Annual Report, which is a violation of the MRP, Table 2, Nutrient Monitoring.  According to the consultant for the Dairy, the plant tissue sample results are not available.",,,458812,Oral Communication,null,10/16/24,Tulare,Lorin  Sutton,null
5F,Five Star Dairy,Martin Ranch,5C54NC00092,1134570,Order Conditions,B,ANIWSTCOWS,Violation,7/2/24,"Sidewall erosion was observed at one of the wastewater storage ponds, and excessive vegetation was observed at three of the wastewater storage ponds, which is a violation of the Operations and Maintenance Plan prepared for the Dairy, as required by Attachment B, Waste Management Plan for the Production Area, Item V.B.",,,458814,Notice of Violation,null,10/16/24,Tulare,Lorin  Sutton,null
5F,"Kamper, Rodney G",Mt. Whitney Dairy,5C10NC00081,1134571,Reporting -> Deficient Reporting,B,ANIWSTCOWS,Violation,5/13/24,"Groundwater sample results for Domestic Well 5 were not included in the 2022 Annual Report, which is a violation of the MRP, Table 4, Groundwater Monitoring. ",,,458816,Notice of Violation,null,10/16/24,Fresno,Jameela Zaghmouri,null
5F,"Kamper, Rodney G",Mt. Whitney Dairy,5C10NC00081,1134572,Reporting -> Deficient Reporting,B,ANIWSTCOWS,Violation,5/13/24,"Chain of custody forms for groundwater sample analytical results were not included in the 2022 Annual Report, which is a violation of the MRP, General Monitoring Requirements, Item 8. ",,,458816,Notice of Violation,null,10/16/24,Fresno,Jameela Zaghmouri,null
5F,"Kamper, Rodney G",Mt. Whitney Dairy,5C10NC00081,1134573,Reporting -> Deficient Reporting,B,ANIWSTCOWS,Violation,5/13/24,"First and third quarter wastewater sample results were not documented in the 2021 Annual Report, first and fourth quarter wastewater samples results were not documented in the 2022 Annual Report, and biennial wastewater sample results for general minerals were not documented in the 2021 through 2022 Annual Reports, which is a violation of the MRP, Table 2, Nutrient Monitoring, Process Wastewater.",,,458816,Notice of Violation,null,10/16/24,Fresno,Jameela Zaghmouri,null
5F,"Kamper, Rodney G",Mt. Whitney Dairy,5C10NC00081,1134574,Reporting -> Deficient Reporting,B,ANIWSTCOWS,Violation,5/13/24,"Biennial manure sample results for general minerals were not documented in the Annual Reports for 2021 through 2022, which is a violation of the MRP, Table 2, Nutrient Monitoring, Manure. ",,,458816,Notice of Violation,null,10/16/24,Fresno,Jameela Zaghmouri,null
5F,"Kamper, Rodney G",Mt. Whitney Dairy,5C10NC00081,1134575,Order Conditions,B,ANIWSTCOWS,Violation,5/13/24,"A setback plan was not available for review and protective measures to prevent the application of Dairy waste to cropland within 100 feet of groundwater wells and surface water bodies have not been implemented, which is a violation of General Specification B.7 and Standard Provisions and Reporting Requirement B.18. ",,,458816,Notice of Violation,null,10/16/24,Fresno,Jameela Zaghmouri,null
5F,"Kamper, Rodney G",Mt. Whitney Dairy,5C10NC00081,1134576,Order Conditions,B,ANIWSTCOWS,Violation,5/13/24,"Weekly and monthly Production Area inspection records, including stormwater inspection records were not available for review, which is a violation of the MRP, Table 1, Inspections, Production Area. ",,,458816,Notice of Violation,null,10/16/24,Fresno,Jameela Zaghmouri,null
5F,"Kamper, Rodney G",Mt. Whitney Dairy,5C10NC00081,1134578,Order Conditions,B,ANIWSTCOWS,Violation,5/13/24,"Land Application Area inspection records, including prior to each wastewater application and daily when process wastewater is being applied were not available for review, which is a violation of the MRP, Table 1, Inspections, Land Application Areas.",,,458816,Notice of Violation,null,10/16/24,Fresno,Jameela Zaghmouri,null
6B,Desert Oasis Dairy,Desert Oasis Dairy,6B368010002,1134605,Order Conditions,A,ANIWSTCOWS,Violation,9/26/24,"Wastewater surrounding sump pump #2. The area requires maintenance to assess the integrity of the tank. During the inspection, staff observed a possible broken tank or broken piping, within overgrown and saturated grass, in standing water. Board Order No. 6-96-9, section No. I.C.1., states that “Surface flow or visible discharge of manure at, or from, the authorized disposal site to adjacent land areas or surface waters is prohibited.”     ","Staff observed water pondage around the sump pump-tank equipment that receives wash water from the wash pen prior to entering the milking parlor. This saturated grass-weed area poses a threat to groundwater quality as it percolates to the ground since the liquid waste contains urine, and organic solids.  ",The Discharger stated that the situation would get fixed by repairing any leakage occurring either in the sub-surface tank or in the appurtenances compatible to the equipment. No date was committed for this issue to get repaired.  ,458845,Oral Communication,null,9/26/24,San Bernardino,John  Morales(+),9/26/24
6B,Desert Oasis Dairy,Desert Oasis Dairy,6B368010002,1134607,Order Conditions,A,ANIWSTCOWS,Violation,9/26/24,"Water Board staff observed standing water in a corral flowing from a drinking water trough. The observed water stream did not flow towards the concrete channel that allows storm water and liquid manure to flow to the storm water impoundment; rather, the stream flowed away from the channel and towards the inside of the corral. This standing water threatens the potential to percolate to groundwater. Board Order No. 6-96-9, section No. I.C.6., states that, “Manured areas shall be managed to minimize infiltration of water into underlying soils.”  ","From the previous inspection on January 20, 2023, staff observed large puddles of water within the vicinity of the water trough after a rain event that had recently occurred. At the time of that inspection, staff advised the discharger of the water puddles accumulated within the corral nearby the water trough. Staff advised the Discharger that standing water in the corrals are prohibited and that liquid waste from the corrals must flow to the concrete channel that leads to the storm water impoundment. The water observed in the same location within the corral and water trough during the September 26, 2024 inspection implies that the Discharger did not mitigate the situation to allow liquid waste to flow into the concrete channel and eventually to the storm water impoundment; thus the violation.    ","As of January 20, 2023, the Discharger has not implemented or proposed any corrective actions.",458845,Oral Communication,null,9/26/24,San Bernardino,John  Morales(+),null
5F,"De Jong, Arie",Mountain View Dairy,5D545111001,1134681,Reporting -> Deficient Reporting,B,ANIWSTCOWS,Violation,6/25/24,"Biennial wastewater sample results for general minerals were not documented in the Annual Reports for 2021 through 2022, which is a violation of the MRP, Table 2, Nutrient Monitoring, Process Wastewater. Biennial wastewater samples were collected after the inspection and the results were provided by Kylie Nydam (owner’ relative) on 1 October 2024. ",,,458874,Notice of Violation,null,10/22/24,Tulare,Lorin  Sutton,null
5F,"De Jong, Arie",Mountain View Dairy,5D545111001,1134682,Reporting -> Deficient Reporting,B,ANIWSTCOWS,Violation,6/25/24,"Biennial manure sample results for general minerals were not documented in the Annual Reports for 2021 through 2022, which is a violation of the MRP, Table 2, Nutrient Monitoring, Manure. Biennial manure samples were collected after the inspection and the results were provided by Kylie Nydam on 1 October 2024. This violation has been resolved. ",,,458874,Notice of Violation,null,10/22/24,Tulare,Lorin  Sutton,null
5F,"De Jong, Arie",Mountain View Dairy,5D545111001,1134683,Reporting -> Deficient Reporting,B,ANIWSTCOWS,Violation,6/25/24,"Plant tissue sample results for Field 26 wheat and Field 32 wheat were not included in the 2022 Annual Report, which is a violation of the MRP, Table 2, Nutrient Monitoring. According to Kylie Nydam the plant tissue samples are not available. ",,,458874,Notice of Violation,null,10/22/24,Tulare,Lorin  Sutton,null
5F,"De Jong, Arie",Mountain View Dairy,5D545111001,1134684,Order Conditions,B,ANIWSTCOWS,Violation,6/25/24,"Stormwater inspection records were not available for review, which is a violation of the MRP, Table 1, Inspections, Production Area. Stormwater inspection records were provided by Kylie Nydam on 1 October 2024. This violation has been resolved. ",,,458874,Notice of Violation,null,10/22/24,Tulare,Lorin  Sutton,null
5F,"De Jong, Arie",Mountain View Dairy,5D545111001,1134685,Order Conditions,B,ANIWSTCOWS,Violation,6/25/24,"A sampling and analysis plan was not available for review, which is a violation of Attachment C, Contents of a Nutrient Management Plan, Item II. A sampling and analysis plan was provided by Kylie Nydam on 1 October 2024. This violation has been resolved. ",,,458874,Notice of Violation,null,10/22/24,Tulare,Lorin  Sutton,null
5F,"De Jong, Arie",Mountain View Dairy,5D545111001,1134686,Order Conditions,B,ANIWSTCOWS,Violation,6/25/24,"Land Application Area inspection records, including prior to each wastewater application and daily when process wastewater is being applied were not available for review, which is a violation of the MRP, Table 1, Inspections, Land Application Areas. Land application area inspection records were provided by Kylie Nydam on 1 October 2024. This violation has been resolved. ",,,458874,Notice of Violation,null,10/22/24,Tulare,Lorin  Sutton,null
5F,"De Jong, Arie",Mountain View Dairy,5D545111001,1134687,Reporting -> Failure to Notify,B,ANIWSTCOWS,Violation,6/25/24,The Dairy added a manure drying area outside the production area defined in Dairy’s Waste Management Plan. Failure to submit a Report of Waste Discharge (ROWD) with appropriate technical documentation at least 140 days prior to expanding the Dairy’s production area is a violation of Provision G.4.,,,458874,Notice of Violation,null,10/22/24,Tulare,Lorin  Sutton,null
5F,De Jong Dairy Farms Inc,"Tri BAK Dairy, LLC",5D545052001,1134689,Reporting -> Deficient Reporting,B,ANIWSTCOWS,Violation,6/25/24,"Biennial wastewater sample results for general minerals were not documented in the Annual Reports for 2021 through 2022, which is a violation of the MRP, Table 2, Nutrient Monitoring, Process Wastewater. Biennial wastewater samples were collected after the inspection and the results were provided by Kylie Nydam (owner’ relative) on 26 September 2024. This violation has been resolved. ",,,458878,Oral Communication,null,10/22/24,Tulare,Lorin  Sutton,null
5F,De Jong Dairy Farms Inc,"Tri BAK Dairy, LLC",5D545052001,1134690,Reporting -> Deficient Reporting,B,ANIWSTCOWS,Violation,6/25/24,"Biennial manure sample results for general minerals were not documented in the Annual Reports for 2021 through 2022, which is a violation of the MRP, Table 2, Nutrient Monitoring, Manure. Biennial manure samples were collected after the inspection and the results were provided by Kylie Nydam on 26 September 2024. This violation has been resolved. ",,,458878,Oral Communication,null,10/22/24,Tulare,Lorin  Sutton,null
5F,De Jong Dairy Farms Inc,"Tri BAK Dairy, LLC",5D545052001,1134691,Reporting -> Deficient Reporting,B,ANIWSTCOWS,Violation,6/25/24,"Plant tissue sample results for Field 63 alfalfa were not included in the 2020 Annual Report and Field 63 alfalfa in the 2022 Annual Report, which is a violation of the MRP, Table 2, Nutrient Monitoring. The chain-of-custody for Field 63 alfalfa plant tissue sample results from 2024 was provided by Kylie Nydam on 26 September 2024 and the results will be included in the 2024 Annual Report. This violation has been resolved. ",,,458878,Oral Communication,null,10/22/24,Tulare,Lorin  Sutton,null
5F,De Jong Dairy Farms Inc,"Tri BAK Dairy, LLC",5D545052001,1134700,Order Conditions,B,ANIWSTCOWS,Violation,6/25/24,"Stormwater inspection records were not available for review, which is a violation of the MRP, Table 1, Inspections, Production Area. Stormwater inspection records were provided by Kylie Nydam on 26 September 2024. This violation has been resolved. ",,,458878,Oral Communication,null,10/22/24,Tulare,Lorin  Sutton,null
5F,De Jong Dairy Farms Inc,"Tri BAK Dairy, LLC",5D545052001,1134701,Order Conditions,B,ANIWSTCOWS,Violation,6/25/24,"A sampling and analysis plan was not available for review, which is a violation of Attachment C, Contents of a Nutrient Management Plan, Item II. A sampling and analysis plan was provided by Kylie Nydam on 26 September 2024. This violation has been resolved.",,,458878,Oral Communication,null,10/22/24,Tulare,Lorin  Sutton,null
5F,De Jong Dairy Farms Inc,"Tri BAK Dairy, LLC",5D545052001,1134702,Order Conditions,B,ANIWSTCOWS,Violation,6/25/24,"Land Application Area inspection records, including prior to each wastewater application and daily when process wastewater is being applied were not available for review, which is a violation of the MRP, Table 1, Inspections, Land Application Areas. Land application area inspection records were provided by Kylie Nydam on 26 September 2024. This violation has been resolved. ",,,458878,Oral Communication,null,10/22/24,Tulare,Lorin  Sutton,null
5F,De Jong Dairy Farms Inc,"Tri BAK Dairy, LLC",5D545052001,1134704,Order Conditions,B,ANIWSTCOWS,Violation,6/25/24,"Excessive vegetation was observed at the one of the wastewater settling ponds, which is a violation of Attachment B, Waste Management Plan for the Production Area, Item V.B. Photographic documentation showing the excessive vegetation was removed from the wastewater settling pond was provided by Kylie Nydam on 26 September 2024. Minimal vegetation remains within the settling basin. This violation has been resolved. ",,,458878,Oral Communication,null,10/22/24,Tulare,Lorin  Sutton,null
5F,De Jong Dairy Farms Inc,Elkhorn Dairy,5D545036003,1134705,Reporting -> Deficient Reporting,B,ANIWSTCOWS,Violation,6/25/24,"Biennial wastewater sample results for general minerals were not documented in the Annual Reports for 2021 through 2022, which is a violation of the MRP, Table 2, Nutrient Monitoring, Process Wastewater. Biennial wastewater samples were collected after the inspection and the results were provided by Kylie Nydam (owner’ relative) on 26 September 2024. This violation has been resolved.",,,458881,Notice of Violation,null,10/22/24,Tulare,Lorin  Sutton,null
5F,De Jong Dairy Farms Inc,Elkhorn Dairy,5D545036003,1134706,Reporting -> Deficient Reporting,B,ANIWSTCOWS,Violation,6/25/24,"Biennial manure sample results for general minerals were not documented in the Annual Reports for 2021 through 2022, which is a violation of the MRP, Table 2, Nutrient Monitoring, Manure. Biennial manure samples were collected after the inspection and the results were provided by Kylie Nydam on 26 September 2024. This violation has been resolved. ",,,458881,Notice of Violation,null,10/22/24,Tulare,Lorin  Sutton,null
5F,De Jong Dairy Farms Inc,Elkhorn Dairy,5D545036003,1134707,Reporting -> Deficient Reporting,B,ANIWSTCOWS,Violation,6/25/24,"Plant tissue sample results for Field 4B alfalfa were not included in the 2022 Annual Report, which is a violation of the MRP, Table 2, Nutrient Monitoring. The chain-of-custody for Field 4B alfalfa plant tissue sample results from 2024 was provided by Kylie Nydam on 26 September 2024 and the results will be included in the 2024 Annual Report. This violation has been resolved. ",,,458881,Notice of Violation,null,10/22/24,Tulare,Lorin  Sutton,null
5F,De Jong Dairy Farms Inc,Elkhorn Dairy,5D545036003,1134708,Order Conditions,B,ANIWSTCOWS,Violation,6/25/24,"Stormwater inspection records were not available for review, which is a violation of the MRP, Table 1, Inspections, Production Area. Stormwater inspection records were provided by Kylie Nydam on 26 September 2024. This violation has been resolved. ",,,458881,Notice of Violation,null,10/22/24,Tulare,Lorin  Sutton,null
5F,De Jong Dairy Farms Inc,Elkhorn Dairy,5D545036003,1134709,Order Conditions,B,ANIWSTCOWS,Violation,6/25/24,"A sampling and analysis plan was not available for review, which is a violation of Attachment C, Contents of a Nutrient Management Plan, Item II. A sampling and analysis plan was provided by Kylie Nydam on 26 September 2024. This violation has been resolved. ",,,458881,Notice of Violation,null,10/22/24,Tulare,Lorin  Sutton,null
5F,De Jong Dairy Farms Inc,Elkhorn Dairy,5D545036003,1134710,Order Conditions,B,ANIWSTCOWS,Violation,6/25/24,"Land Application Area inspection records, including prior to each wastewater application and daily when process wastewater is being applied were not available for review, which is a violation of the MRP, Table 1, Inspections, Land Application Areas. Land application area inspection records were provided by Kylie Nydam on 26 September 2024. This violation has been resolved. ",,,458881,Notice of Violation,null,10/22/24,Tulare,Lorin  Sutton,null
5F,De Jong Dairy Farms Inc,Elkhorn Dairy,5D545036003,1134711,Order Conditions,B,ANIWSTCOWS,Violation,6/25/24,"Excessive vegetation was observed at the one of the wastewater settling ponds, which is a violation of Attachment B, Waste Management Plan for the Production Area, Item V.B. Photographic documentation showing the excessive vegetation was removed from the wastewater settling pond was provided by Kylie Nydam on 26 September 2024. Minimal vegetation remains within the settling basin. This violation has been resolved. ",,,458881,Notice of Violation,null,10/22/24,Tulare,Lorin  Sutton,null
5F,De Jong Dairy Farms Inc,Elkhorn Dairy,5D545036003,1134712,Order Conditions,B,ANIWSTCOWS,Violation,6/25/24,One of the wastewater settling ponds contained piles of gravel and other materials. Prohibition A.5 of the Reissued General Order prohibits the disposal of waste not generated by on-site animal production activities except where a Report of Waste Discharge (RWD) for such disposal has been submitted.,,,458881,Notice of Violation,null,10/22/24,Tulare,Lorin  Sutton,null
3,Cuyama Dairy,Cuyama Dairy,3 420112038,1135158,Reporting -> Late Report,B,ANIWSTCOWS,Violation,11/1/23,2022 Annual report not submitted by 10/31/2023,,,null,null,null,null,Santa Barbara,Cecile  Blancarte,null
3,Cuyama Dairy,Cuyama Dairy,3 420112038,1135159,Reporting -> Late Report,B,ANIWSTCOWS,Violation,11/1/24,2023 Annual report not submitted by 10/31/2024,,,null,null,null,null,Santa Barbara,Cecile  Blancarte,null
5F,Danell Brothers Inc(+),Diamond D LLC Dairy,5D165082002,1136044,Order Conditions,B,ANIWSTCOWS,Violation,6/18/24,"Irrigation well D-5 had insufficient backflow prevention in the form of an air gap, in violation of Prohibition A.14. ",,,459183,Notice of Violation,null,11/18/24,Kings,Lewis Lummen,6/18/24
5F,Danell Brothers Inc(+),Diamond D LLC Dairy,5D165082002,1136045,Order Conditions,B,ANIWSTCOWS,Violation,6/18/24,Wastewater ponds had erosional features in violation of Standard Provisions B.17 of the Standard Provisions and Reporting Requirements and Attachment B of the Reissued General Order. ,,,null,null,null,null,Kings,Lewis Lummen,6/18/24
5F,Jacob or Adam te Velde,Double A Feeders,5C16NC00019,1136046,Order Conditions,B,ANIWSTCOWS,Violation,2/15/23,"I observed ponding in the Production Area more than 72 hours after a precipitation event, in violation of Production Area Specifications D.6.",,,459179,Notice of Violation,null,11/18/24,Kings,Lewis Lummen,null
5F,"Leyendekker, Edward(+)",Hoppy Cows Dairy,5C54NC00056,1136311,Reporting -> Deficient Reporting,B,ANIWSTCOWS,Violation,9/17/24,"Groundwater sample results for wells Irr Well 3, Irr Well 15, Irr Well, Irr Well 11 Irr Well New, Barn Well, and Dom Well 14 not included in the 2020 Annual Report; and groundwater sample results for wells Barn Well, Dom Well 14, and Dom Well 3 were not included in the 2021 Annual Report; Irr Well 3, Dom Well 14, Irr Well, and Irr Well New were not included in the 2022 Annual Report; Irr Well 3, Dom Well 2, Irr Well 15, Irr Well, Irr Well New, Barn Well, Dom Well 14, and Dom Well 3 Were not included in the 2023 Annual Report; and general mineral sample results for wells Irr Well 3, Dom Well 2, Dom Well 4, Dom Well 14, Irr Well 14, Irr Well, Irr Well 11, Irr Well New, Barn Well and Dom Well 14 were not included in the 2019 through 2023 Annual Reports which is a violation of the MRP, Table 4, Groundwater Monitoring. Brandon Wininger of Sentry Ag Services, LLC provided the 2024 groundwater sample results for well Irr 15, including general mineral results. The remaining well sample results are not available.",,,459223,Oral Communication,null,11/21/24,Tulare,Lorin  Sutton,null
5F,"Leyendekker, Edward(+)",Hoppy Cows Dairy,5C54NC00056,1136312,Order Conditions,B,ANIWSTCOWS,Violation,9/17/24,"Excessive vegetation was observed at wastewater storage pond WWS-3, which is a violation of Pond Specification C.2.b and is inconsistent with the Operations and Maintenance Plan prepared for the Dairy, as required by Attachment B, Waste Management Plan for the Production Area, Item V.B. Brandon Hutchings of Sentry Ag Services, LLC provided photographic documentation that the excessive vegetation along the pond sidewalls has been removed. This violation has been resolved.",,,459223,Oral Communication,null,11/21/24,Tulare,Lorin  Sutton,null
5F,"Contente, Antonio",Contente & Company Dairy,5C16NC00015,1136905,Order Conditions,B,ANIWSTCOWS,Violation,1/30/23,"I observed excessive vegetation in the northwest wastewater storage pond, in violation of Pond Specification C.2.c. ",,,459315,Notice of Violation,null,12/3/24,Kings,Lewis Lummen,null
5F,Jacob or Adam te Velde,Sierra Blanca Ranch #2,5C16NC00099,1136908,Order Conditions,B,ANIWSTCOWS,Violation,2/2/23,"I observed ponding in the Production Area more than 72 hours after a precipitation event, in violation of Production Area Specifications D.6.",,,459316,Notice of Violation,null,12/3/24,Kings,Lewis Lummen,null
5F,Jacob or Adam te Velde,Sierra Blanca Ranch #2,5C16NC00099,1136909,Reporting -> Deficient Reporting,B,ANIWSTCOWS,Violation,2/2/23,"Missing Domestic well samples from the 2018, 2019, 2020, and 2021 Annual Reports in violation of Provision G.3 and Groundwater Monitoring, Table 4 of the Monitoring and Reporting Program. ",,,459316,Notice of Violation,null,12/3/24,Kings,Lewis Lummen,null
5F,Abaro & Ana Neves(+),Neves Dairy,5C16NC00023,1137013,Order Conditions,B,ANIWSTCOWS,Violation,9/25/24,Excessive vegetation was observed on the north end of Wastewater Pond 2 in violation of Pond Specifications C.2.b.,,,459335,Notice of Violation,null,12/5/24,Kings,Lewis Lummen,null
5S,"Garcia, Jose",Garcia's Registered Jerseys,5B50NC00240,1137053,Unauthorized Discharge,B,ANIWSTCOWS,Violation,11/18/24,The newly constructed partially above-ground Tier 1 pond (Pond) contains wastewater prior to the Executive Officer approval for a Post-Construction Report (PCR).,,,459354,Notice of Violation,null,12/6/24,Stanislaus,Lamyae Zinebi,11/18/24
5F,"Fragoso, John Jr(+)",Jersey Creek Dairy,5C16NC00087,1137416,Order Conditions,B,ANIWSTCOWS,Violation,7/18/24,"Irrigation well 6 had insufficient backflow prevention in the form of an air gap, in violation of Prohibition A.14.",,,null,null,null,null,Kings,Lewis Lummen,null
5F,"Fragoso, John Jr(+)",Jersey Creek Dairy,5C16NC00087,1137421,Reporting -> Deficient Reporting,B,ANIWSTCOWS,Violation,7/18/24,Failure to provide monthly photographs for all wastewater ponds as required by Table 1 of Monitoring Requirements of the Monitoring and Reporting Program.,,,null,null,null,null,Kings,Lewis Lummen,null
3,Cuyama Dairy,Cuyama Dairy,3 420112038,1137760,Reporting -> Deficient Reporting,B,ANIWSTCOWS,Violation,11/1/23,Failure to submit 2022 and 2023 monitoring reports,,,459473,Notice of Violation,null,11/26/24,Santa Barbara,Cecile  Blancarte,null
5S,Schroer Dairy Trust,Sierra Rose Dairy,5A04NC00035,1138538,Order Conditions,B,ANIWSTCOWS,Violation,11/6/24,Excessive manure in corrals. Corrals are not graded to promote drainage per Reissued Dairy General Order No. R5-2013-0122. Production Area Specification D. 1 and D. 6,,,459569(+),Notice of Violation,null,11/7/24,Butte,Sean  Walsh,null
5S,Schroer Dairy Trust,Sierra Rose Dairy,5A04NC00035,1138571,Order Conditions,B,ANIWSTCOWS,Violation,11/6/24,Less than 1-foot freeboard at the primary wastewater storage lagoon per Reissued Dairy General Order No. R5-2013-0122. Pond Specification C. 1.,,,459569,Notice of Violation,null,11/7/24,Butte,Sean  Walsh,null
5F,"Martins, Jose & Fatima",J & F Martins Dairy #2,5C10NC00091,1139068,Order Conditions,B,ANIWSTCOWS,Violation,6/12/23,"An engineering report demonstrating that the capacity of the wastewater retention system at the Dairy is sufficient to retain all wastewater generated, together with all precipitation on and drainage through manured areas, up to and including a 25-year, 24-hour storm event, has not been submitted as required by Attachment B, Section II and Schedule of Tasks J.1 and Table 1.",,,null,null,null,null,Fresno,Jameela Zaghmouri,6/12/23
5F,Fontes Dairy Farms,Fontes Dairy Farms-Dairy 2,5C10NC00116,1139143,Deficient Monitoring,B,ANIWSTCOWS,Violation,5/2/23,"Plant tissue sample results for four crops were not included in the 2020 Annual Report, which is a violation of the MRP, Table 2, Nutrient Monitoring. The 2023 Annual Report submitted on 26 June 2024 was reviewed and showed corrected nutrient monitoring practices. This violation has been resolved.",,,null,null,null,null,Fresno,Jameela Zaghmouri,5/2/23
5F,"De Groot, Peter J",John DeGroot and Son LP,5D105049N01,1139144,Deficient Monitoring,B,ANIWSTCOWS,Violation,2/8/24,"Laboratory analyses for general minerals were not documented within the last five years, as required by the MRP, Table 4, Groundwater Monitoring, Domestic and Agricultural Supply Wells. The 2023 Annual Report submitted on 18 June 2024 was reviewed and showed laboratory analyses for general mineral samples were done on 7 February 2024. This violation has been resolved.",,,null,null,null,null,Fresno,Jameela Zaghmouri,2/8/24
5F,"De Groot, Peter J",John DeGroot and Son LP,5D105049N01,1139145,Deficient Monitoring,B,ANIWSTCOWS,Violation,2/8/24,"Laboratory analyses for electric conductivity were not documented for 2021, as required by the MRP, Table 4, Groundwater Monitoring, Domestic and Agricultural Supply Wells. The 2023 Annual Report submitted on 18 June 2024 was reviewed and showed laboratory analyses for electric conductivity samples were done on 7 February 2024. This violation has been resolved.",,,null,null,null,null,Fresno,Jameela Zaghmouri,2/8/24
5F,"Monteiro, Manuel & Mike",Lakeside Dairy,5C16NC00133,1139186,Order Conditions,B,ANIWSTCOWS,Violation,6/18/24,"Irrigation wells had insufficient backflow prevention in the form of an air gap, in violation of Prohibition A.12. ",,,459829,Notice of Violation,null,1/28/25,Kings,Lewis Lummen,6/18/24
5F,"Monteiro, Manuel & Mike",Lakeside Dairy,5C16NC00133,1139187,Reporting -> Deficient Reporting,B,ANIWSTCOWS,Violation,6/18/24,"An insufficient Nutrient Management Plan was produced during the inspection process, in violation of Land Application Area Specifications A.1 and Attachment D of the Digester General Order ",,,459829,Notice of Violation,null,1/28/25,Kings,Lewis Lummen,null
5F,"Monteiro, Manuel & Mike",Lakeside Dairy,5C16NC00133,1139188,Order Conditions,B,ANIWSTCOWS,Violation,6/18/24,"The Dairy was utilizing low spots and manure drying are as solid separating basins that were not declared as wastewater ponds, in violation of Prohibitions A.4.",,,459829,Notice of Violation,null,1/28/25,Kings,Lewis Lummen,null
5S,Vitorino & Sons Dairy,Vitorino & Sons Dairy,5B50NC00246,1139217,Enforcement Action,B,ANIWSTCOWS,Violation,12/11/24,#NAME?,,,459791,Notice of Violation,null,1/28/25,Stanislaus,Lamyae Zinebi,null
5F,Vanden Berg Old River Investment Company Inc(+),Vanden Berge Dairy,5D155057002,1140090,Reporting -> Deficient Reporting,B,ANIWSTCOWS,Violation,12/17/24,"Third quarter wastewater sample results were not documented in the 2021 Annual Report, fourth quarter wastewater samples results were not documented in the 2022 Annual Report, second and third quarter wastewater sample results were not included in the 2023 Annual Report, and biennial wastewater sample results for general minerals were not documented in the 2022 through 2023 Annual Reports, which is a violation of the MRP, Table 2, Nutrient Monitoring, Process Wastewater. Fourth quarter 2023 wastewater sample results were included in the 2023 Annual Report resolving the violation for the wastewater sample results from fourth quarter 2022. According to Jim Griffin (consultant for the Dairy), the remaining wastewater sample results are not available.",,,460007,Oral Communication,null,2/18/25,Kern,Brian D Hitz,null
5F,Vanden Berg Old River Investment Company Inc(+),Vanden Berge Dairy,5D155057002,1140091,Reporting -> Deficient Reporting,B,ANIWSTCOWS,Violation,12/17/24,"Manure sample results were not included in the 2022 Annual Report, and biennial manure sample results for general minerals were not documented in the 2022 through 2023 Annual Reports, which is a violation of the MRP, Table 2, Nutrient Monitoring, Manure. Manure sample results were included in the 2023 Annual Report resolving the violation for the 2022 manure sample results. According to Jim Griffin, the biennial manure results for 2022 through 2023 are not available. ",,,460007,Oral Communication,null,2/18/25,Kern,Brian D Hitz,null
5F,Vanden Berg Old River Investment Company Inc(+),Vanden Berge Dairy,5D155057002,1140092,Order Conditions,B,ANIWSTCOWS,Violation,12/17/24,"Stormwater inspection records were not available for review, which is a violation of the MRP, Table 1, Inspections, Production Area. According to Jim Griffin, stormwater inspection records are not available.",,,460007,Oral Communication,null,2/18/25,Kern,Brian D Hitz,null
5F,"Vander Poel, John",Whiteside Dairy,5D155087001,1140093,Reporting -> Failure to Notify,B,ANIWSTCOWS,Violation,10/21/24,"The Dairy added a manure storage area outside the production area defined in the Dairy’s revised Waste Management Plan. Failure to submit a Report of Waste Discharge (ROWD) with appropriate technical documentation at least 140 days prior to expanding the Dairy’s production area is a violation of Provision G.4. On 17 January 2025, Garrison Fernandes of Livingston Dairy Consulting, Inc. (LDC) submitted an updated Nutrient Management Plan accounting for the manure storage area. ",,,460008,Notice of Violation,null,2/18/25,Kern,Brian D Hitz,null
5F,Kootstra Family Trust - Perrin Koostra,Kootstra Dairy,5C15NC00035,1140094,Order Conditions,B,ANIWSTCOWS,Violation,2/8/24,"Excessive vegetation was observed at Retention Ponds 1 and 2, which is a violation of Pond Specification C.2.b and is inconsistent with the Operations and Maintenance Plan prepared for the Dairy, as required by Attachment B, Waste Management Plan for the Production Area, Item V.B. ",,,460009,Notice of Violation,null,2/18/25,Kern,Brian D Hitz,null
5F,Kootstra Family Trust - Perrin Koostra,Kootstra Dairy,5C15NC00035,1140095,Order Conditions,B,ANIWSTCOWS,Violation,2/8/24,"A setback plan to prevent the application of Dairy waste to cropland within 100 feet of groundwater wells and surface water bodies was not available for review, which is a violation of General Specification B.7 and Standard Provisions and Reporting Requirement B.18.",,,460009,Notice of Violation,null,2/18/25,Kern,Brian D Hitz,null
5F,Kootstra Family Trust - Perrin Koostra,Kootstra Dairy,5C15NC00035,1140096,Order Conditions,B,ANIWSTCOWS,Violation,2/8/24,"A setback plan to prevent the application of Dairy waste to cropland within 100 feet of groundwater wells and surface water bodies was not available for review, which is a violation of General Specification B.7 and Standard Provisions and Reporting Requirement B.18.",,,460009,Notice of Violation,null,2/18/25,Kern,Brian D Hitz,null
5F,"Griffioen, Daniel & Brent Mulder",Bar None/Van Der Hoek Dairy,5C10NC00060,1140112,Order Conditions,B,ANIWSTCOWS,Violation,2/6/24,"Excessive vegetation was observed along the sidewalls of the wastewater settling ponds, which is a violation of Pond Specification C.2.b and is inconsistent with the Operations and Maintenance Plan prepared for the Dairy, as required by Attachment B, Waste Management Plan for the Production Area, Item V.B. Staff made several attempts to obtain the necessary information to resolve this violation.",,,460016,Notice of Violation,null,2/18/25,Fresno,Jameela Zaghmouri,null
5F,"Bouma, Peter(+)",Poso Creek Family Dairy,5D155061002,1140142,Reporting -> Failure to Notify,B,ANIWSTCOWS,Violation,12/4/24,"The Dairy added a feed storage area outside the production area defined in the Dairy’s Waste Management Plan Addendum. Failure to submit a Report of Waste Discharge (ROWD) with appropriate technical documentation at least 140 days prior to expanding the Dairy’s production area is a violation of Provision G.4. Subsequent to the inspection, I provided Brandon Wininger of Sentry Ag Services, LLC (consultant for the Dairy) with a map showing the feed storage area.",,,460022,Notice of Violation,null,2/19/25,Kern,Brian D Hitz,null
5F,F&S Brasil Dairy(+),F&S Brasil Dairy,5D165056001,1140524,Order Conditions,B,ANIWSTCOWS,Violation,10/15/24,Excessive vegetation was observed in the south wastewater pond in violation of Pond Specification C.2.b.,,,460061,Notice of Violation,null,2/25/25,Kings,Lewis Lummen,null
5F,F&S Brasil Dairy(+),F&S Brasil Dairy,5D165056001,1140525,Order Conditions,B,ANIWSTCOWS,Violation,10/15/24,Ponding was observed in corrals with manure more than 72-hours after a precipitation event in violation of Production Area Specifications D.6 and Item V.F. of Attachment B. ,,,460061,Notice of Violation,null,2/25/25,Kings,Lewis Lummen,null
5F,F&S Brasil Dairy(+),F&S Brasil Dairy,5D165056001,1140526,Order Conditions,B,ANIWSTCOWS,Violation,10/15/24,The Dairy has expanded the Production Area footprint without providing a Report of Waste Discharge in violation of Provisions G.4. ,,,460061,Notice of Violation,null,2/25/25,Kings,Lewis Lummen,null
5F,F&S Brasil Dairy(+),F&S Brasil Dairy,5D165056001,1140534,Order Conditions,B,ANIWSTCOWS,Violation,10/15/24,The land application area south of the wastewater ponds received Dairy waste for non-nutrient recycling in violation of Prohibition A.9. ,,,460061,Notice of Violation,null,2/25/25,Kings,Lewis Lummen,null
5F,F&S Brasil Dairy(+),F&S Brasil Dairy,5D165056001,1140535,Reporting -> Deficient Reporting,B,ANIWSTCOWS,Violation,10/15/24,A Priority Report for Significant Events (PROSE) report was not submitted in accordance to Section C of the Monitoring and Reporting Program in conjunction with Violation 5. ,,,460061,Notice of Violation,null,2/25/25,Kings,Lewis Lummen,null
5F,Pete and Agnes de Jong Family Trust,Oasis Holsteins Dairy,5D155065001,1142022,Reporting -> Deficient Reporting,B,ANIWSTCOWS,Violation,12/16/24,"General mineral analytical results for wells Barn, 1-Griffith, and 2-Cow were not documented in the 2019 through 2023 Annual Reports, which is a violation of the MRP, Table 4, Groundwater Monitoring. On 19 December 2024, Marlene Ferreira of Livingston Dairy Consulting, Inc. (LDC) provided general mineral analytical results from groundwater samples collected from wells Barn, 1-Griffith, and 2-Cow in 2024. This violation has been resolved.",,,460699,Oral Communication,null,4/10/25,Kern,Brian D Hitz,null
5F,"Plantega, George(+)",Western Sky Dairy,5D155092001,1142023,Reporting -> Deficient Reporting,B,ANIWSTCOWS,Violation,8/7/23,"Groundwater sample analyses were not documented in the 2020 Annual Report and for well WSD W5 in the 2022 Annual Report, which is a violation of the MRP, Table 4, Groundwater Monitoring. According to information provided in the 2020 Annual Report, analytical results for the missing groundwater samples are not available. The groundwater sample results for well WSD W5 were not included in the 2023 Annual report.",,,460700,Oral Communication,null,4/10/25,Kern,Brian D Hitz,null
5F,"Pereira, Steve & Sheri",Pereira Dairy,5C54NC00239,1142147,Order Conditions,B,ANIWSTCOWS,Violation,10/14/24,"C. 2.: Pond Specifications; Ponds shall be managed and maintained to prevent breeding of mosquitoes and other vectors. In particular, b. Weeds shall be minimized through control of water depth, harvesting, or other appropriate method; c. Dead algae, vegetation, and debris shall not accumulate on the water surface",,,null,null,null,null,Tulare,Eraldo  Melara,10/14/24
5F,"Pereira, Steve & Sheri",Pereira Dairy,5C54NC00239,1142176,Order Conditions,B,ANIWSTCOWS,Violation,10/14/24,"Waste applications to crops grown at the Dairy fields, as indicated by the 2020, 2021, 2022, and 2023 Annual Reports, have resulted in nitrogen balance ratios in excess of 1.65.","Nutrient applications resulting in nitrogen balance ratios in excess of 1.65 are in violation of Land Application Specification E.5.a and Attachment C, Technical Standards for Nutrient Management, Nutrient Application Rates, Nitrogen, section B.2.b.",,null,null,null,null,Tulare,Eraldo  Melara,10/14/24
5F,"Wilson, Jim & Darla",J & D Wilson & Sons Dairy,5C10NC00055,1142768,Order Conditions,B,ANIWSTCOWS,Violation,10/31/23,"The Dairy added a manure storage area outside the production area defined in Dairy’s revised Waste Management Plan. Failure to submit a Report of Waste Discharge (ROWD) with appropriate technical documentation at least 140 days prior to expanding the Dairy’s production area is a violation of Provision G.4. On 24 February 2025, Ms. Medeiros emailed a completed ROWD Form 200, an updated Nutrient Management Plan (NMP) signed by a certified crop advisor, and a letter stating that Mariann Cardoso was retained and will be finalizing the review for the Waste Management Plan (WMP) by the end of the month. On 7 March 2025, Ms. Medeiros emailed an updated WMP signed by and certified with the stamp of Manuel R. Sousa, a California Registered Civil Engineer. This violation has been resolved.",,,null,null,null,null,Fresno,Jameela Zaghmouri,10/31/23
5F,"Rivas, Rafael",Rivas Dairy,5B10NC00003,1142839,Order Conditions,B,ANIWSTCOWS,Violation,10/17/24,Excessive vegetation growth was observed along the sidewalls of the wastewater storage ponds. Pond Specifications C.2.b and C.2.c require the control of vegetation to provide vector control and maintain pond functional capacity.,,,null,null,null,null,Fresno,Jameela Zaghmouri,10/17/24
5F,"Rivas, Rafael",Rivas Dairy,5B10NC00003,1142848,Order Conditions,B,ANIWSTCOWS,Violation,10/17/24,"Laboratory analyses for general minerals were not documented within the last five years, as required by the MRP, Table 4, Groundwater Monitoring, Domestic and Agricultural Supply Wells. ",,,null,null,null,null,Fresno,Jameela Zaghmouri,10/17/24
5F,"Pacheco, Frank L",Pacheco & Associates II Heifer Ranch,5C54NC00383,1143148,Order Conditions,B,ANIWSTCOWS,Violation,10/23/24,Excessive vegetation was observed in the wastewater pond in violation of Pond Specifications C.6.b.,,,null,null,null,null,Tulare,Eraldo  Melara,10/23/24
5F,"Pacheco, Frank L",Pacheco & Associates II Heifer Ranch,5C54NC00383,1143175,Order Conditions,B,ANIWSTCOWS,Violation,10/24/24,"C. 2., Pond Specifications: The Confined Bovine Feeding Operation shall have facilities that are designed, constructed, operated, and maintained to retain all wastewater generated during the storage period (maximum period of time anticipated between land applications of wastewater), together with all precipitation on and drainage through manured areas, up to and including during a 25-year, 24-hour storm (see Section B of Attachment B, which is attached to and made part of this Order). Attachment B. B. An engineering report demonstrating that the facility has adequate containment capacity.","Waste Management Plan shows facility does not have capacity to retain all facility wastewater generated, together with all precipitation on and drainage through manured areas, up to and including during a 25-year, 24-hour storm.",,null,null,null,null,Tulare,Eraldo  Melara,10/24/24
5F,"Pacheco, Frank L",Pacheco & Associates II Heifer Ranch,5C54NC00383,1143459,Order Conditions,B,ANIWSTCOWS,Violation,10/24/24,"Pond Specifications C.4. In the Tulare Lake Basin, Confined Bovine Feeding Operations in operation on or before 25 July 1975 shall be protected from inundation or washout from overflow from any stream channel during 20-year peak stream flows and Confined Bovine Feeding Operations constructed after 25 July 1975 shall be protected from 100-year peak stream flows. Confined Bovine Feeding Operations that were expanded after 8 December 1984 shall be protected from 100-year peak stream flows.","Required Reports and Notices K.1.C. Waste Management Plan: """"...The Waste Management Plan shall provide an evaluation of the Confined Bovine Feeding Operation's design, construction, operation, and maintenance for flood protection and waste containment and whether the facility complies with Prohibition A.14 (backflow prevention on wells), Pond Specifications C.2 through C.4 (flood protection),...""""",Proposed modifications or improvements in the WMP with the corresponding design to achieve the necessary flood protection and a schedule for construction and certification of completion to comply with the Schedule of Tasks M.1 of the Bovine General Order.,null,null,null,null,Tulare,Eraldo  Melara,10/24/24