county,template,filename,manifest_count
fresno_madera,cas,2024AR_Silveira Dairy_11277 Ave 21.5_Madera.pdf,5
fresno_madera,cas,2024AR_Thommen Dairy_53955 W Nees Ave_Fresno.pdf,2
fresno_madera,cas,2024AR_Jose D Soares Dairy_19045 Road 1_Madera.pdf,0
fresno_madera,cas,2024AR_Silveira Heifers (merged w Silveira Dairy)_10221 Ave 21.5_Madera.pdf,0
fresno_madera,generic_r5,2024AR_J&D Wilson Dry Cows_430 W Mt. Whitney Ave_Fresno.pdf,2
fresno_madera,generic_r5,2024AR_Mt. Whitney Dairy_2792 W Mt. Whitney Ave_Fresno.pdf,3
fresno_madera,generic_r5,2024AR_A.T.O. Dairy_19249 S Fruit Ave_Fresno.pdf,0
fresno_madera,generic_r5,2024AR_Kerman Cattle Company_4301 S Dickenson Ave_Fresno.pdf,1
fresno_madera,generic_r5,2024AR_CSUF Dairy_5450 N Sierra Vista Ave_Fresno.pdf,0
fresno_madera,generic_r5,2024AR_Gerrit Visser & Sons Dairy_18565 S Marks Ave_Fresno.pdf,1
fresno_madera,generic_r5,2024AR_Fagundes Dairy_23548 Road 12_Madera.pdf,0
fresno_madera,generic_r5,2024AR_Costa View Dairy North_9499 Ave 20_Madera.pdf,1
fresno_madera,generic_r5,2024AR_South Point Ranch_13668 Ave 13_Madera.pdf,0
fresno_madera,generic_r5,2024AR_Alfred Soares Dairy_21282 Road 6_Madera.pdf,0
fresno_madera,generic_r5,2024AR_Open Sky Heifer Ranch (former Morning Star Dairy)_10032 W Elkhorn Ave_Fresno.pdf,5
fresno_madera,generic_r5,2024AR_Black Diamond Dairy_10467 W Kamm Ave_Fresno.pdf,0
fresno_madera,generic_r5,2024AR_Shady Acres Dairy #2_15391 W Elkhorn Ave_Fresno.pdf,0
fresno_madera,generic_r5,2024AR_South Iest Dairy (former Milk Time Dairy)_12519 Road 16_Madera.pdf,3
fresno_madera,generic_r5,2024AR_LaSalle Dairy_10663 7.5 Ave_Madera.pdf,2
fresno_madera,generic_r5,2024AR_Rivas Dairy_41198 W Valeria Ave_Fresno.pdf,2
fresno_madera,generic_r5,2024AR_El Dorado Ranches Dairy_23025 W American Ave_Fresno.pdf,0
fresno_madera,generic_r5,2024AR_Adams Dairy_16661 S Fowler Ave_Fresno.pdf,0
fresno_madera,generic_r5,2024AR_Coelho Farms Dairy_21656 S Cornelia Ave_Fresno.pdf,0
fresno_madera,generic_r5,2024AR_AJ Selnders Dairy_625 E Coleman Ave_Fresno.pdf,4
fresno_madera,generic_r5,"2024AR_Philip Verwey Dairy, Inc._12852 Road 9_Madera.pdf",3
fresno_madera,generic_r5,2024AR_Iest Family Farms Dairy_14576 Ave 14_Madera.pdf,3
fresno_madera,generic_r5,2024AR_Troost Dairy_27000 Road _Madera.pdf,5
fresno_madera,generic_r5,2024AR_Joe R. Garcia Dairy_20677 East Ave_Fresno.pdf,1
fresno_madera,generic_r5,2024AR_Banos Dairy_4667 Ave 23.5_Madera.pdf,2
fresno_madera,generic_r5,2024AR_John DeGroot and Son LP_6105 W Lincoln Ave_Fresno.pdf,0
fresno_madera,generic_r5,2024AR_Black Diamond Dairy_18789 S Fruit Ave_Fresno.pdf,5
fresno_madera,generic_r5,2024AR_VIP Cattle_19436 S East Ave_Fresno.pdf,0
fresno_madera,generic_r5,2024AR_McRee East Dairy_11812 Ave 18_Madera.pdf,0
fresno_madera,generic_r5,2024AR_Bar None Van Der Hoek Dairy_15886 S Lassen Ave_Fresno.pdf,0
fresno_madera,generic_r5,"2024AR_RuAnn Dairy, LLC_7285 W Davis Ave_Fresno.pdf",0
fresno_madera,generic_r5,2024AR_Fred Rau Dairy_10255 W Manning Ave_Fresno.pdf,9
fresno_madera,generic_r5,2024AR_Micheal McRee South Dairy_11304 Ave 18_Madera.pdf,0
fresno_madera,generic_r5,2024AR_Capstone Dairy_14303 Ave 14_Madera.pdf,0
fresno_madera,generic_r5,2024AR_Medeiros Dairy_608 E Riverdale Ave_Fresno.pdf,0
fresno_madera,generic_r5,2024AR_Cedar Avenue Feedlot_21622 S Cedar Ave_Fresno.pdf,2
fresno_madera,generic_r5,2024AR_River Valley Dairy_22700 S Cornelia Ave_Fresno.pdf,0
fresno_madera,generic_r5,2024AR_Sun Valley Farms Dairy_20680 Ave 21.5_Madera.pdf,0
fresno_madera,generic_r5,2024AR_J & D Wilson & Sons Dairy_11720 W Mt Whitney Ave_Fresno.pdf,3
fresno_madera,generic_r5,2024AR_Frank S. Brown Co. Dairy_22045 S Valentine Ave_Fresno.pdf,7
fresno_madera,generic_r5,2024AR_Grain Mill Group West_5336 W Harlan Ave_Fresno.pdf,0
fresno_madera,generic_r5,2024AR_Grain Mill Group East_4604 W Harlan Ave_Fresno.pdf,0
fresno_madera,generic_r5,2024AR_Coderview Holsteins Dairy_40396 W Valeria Ave_Fresno.pdf,0
fresno_madera,generic_r5,2024AR_Vitoria Farms Dairy_12433 Ave 24_Madera.pdf,8
fresno_madera,generic_r5,2024AR_Costa View Farms Dairy #2_16800 Road 15_Madera.pdf,1
fresno_madera,generic_r5,2024AR_AJF Dairy_23435 Road 12_Madera.pdf,0
fresno_madera,generic_r5,2024AR_Joe Mama_s Heifer Ranch_13644 Ave 18.5_Madera.pdf,0
fresno_madera,generic_r5,2024AR_G & A Dairy #2_6043 S Madera Ave_Fresno.pdf,7
fresno_madera,generic_r5,2024AR_Sozinho Dairy #2_8489 E Elkhorn Ave_Fresno.pdf,0
fresno_madera,generic_r5,2024AR_MR Dairy_18899 Road 16_Madera.pdf,0
fresno_madera,generic_r5,2024AR_Hansen & Sons Dairy_13348 Ave 20_Madera.pdf,0
fresno_madera,generic_r5,2024AR_Double DJ Farms Dairy_14768 Ave 27_Madera.pdf,0
fresno_madera,generic_r5,2024AR_Souza_s Dairy_8555 S Valentine Ave_Fresno.pdf,5
fresno_madera,generic_r5,2024AR_Vlot Calf Ranch_20330 Road 4_Madera.pdf,5
fresno_madera,generic_r5,2024AR_TRI-Iest Dairy_16500 Ave 14_Madera.pdf,3
fresno_madera,generic_r5,2024AR_Big De Cattle Dairy_2947 W Manning Ave_Fresno.pdf,4
fresno_madera,generic_r5,2024AR_Golden Star Dairy_4109 E Conejo Ave_Fresno.pdf,1
fresno_madera,generic_r5,2024AR_Dry River Dairy_12718 Ave 25_Madera.pdf,0
fresno_madera,generic_r5,2024AR_Triangle M Dairy_11302 Ave 18.5_Madera.pdf,0
fresno_madera,generic_r5,2024AR_Leonardo Bros Dairy_16508 S Clovis Ave_Fresno.pdf,0
fresno_madera,generic_r5,2024AR_J & F Martins Dairy #2_541 E Wood Ave_Fresno.pdf,0
fresno_madera,generic_r5,2024AR_White River Dairy_20400 Ave 17.5_Madera.pdf,2
fresno_madera,generic_r5,2024AR_Frea Dairy LLC_6205 S Brawley Ave_Fresno.pdf,9
fresno_madera,innovative_ag,2024AR_G & A Dairy_2200 S Marks Ave_Fresno.PDF,10
fresno_madera,innovative_ag,2024AR_Zonneveld Dairies Complex_1560 Cerini Ave_Fresno.PDF,1
fresno_madera,innovative_ag,"2024AR_Kiss Cattle, LLC_2585 S Chateau Fresno Ave_Fresno.PDF",3
fresno_madera,innovative_ag,2024AR_Fontes Dairy Farms-Dairy #1_5512 W Davis Ave_Fresno.PDF,0
fresno_madera,innovative_ag,2024AR_L & J Vanderham Feedlot_7500 Ave 14_Madera.pdf,1
fresno_madera,innovative_ag,2024AR_L & J Vanderham Dairy_10772 W Mt. Whitney Ave_Fresno.PDF,1
fresno_madera,innovative_ag,2024AR_Pimentel Dairy_18177 Road 10.5_Madera.PDF,0
fresno_madera,innovative_ag,2024AR_Open Sky Dairy_12103 W Elkhorn Ave_Fresno.PDF,0
fresno_madera,innovative_ag,2024AR_River Oaks Dairy_3621 E Mt. Whitney Ave_Fresno.PDF,1
fresno_madera,innovative_ag,2024AR_Fontes Dairy Farms-Dairy 2_20334 S Polk Ave_Fresno.PDF,0
fresno_madera,innovative_ag,2024AR_Maple Dairy_19860 Maple St_Fresno.PDF,1
fresno_madera,provost_pritchard,2024AR_Pacheco Dairy_1108 N Plumas Ave_Fresno.PDF,12
fresno_madera,livingston,2024AR_A & M Farms Dairy_10350 W Manning Ave_Fresno.PDF,0
fresno_madera,dellaville,"2024AR_Bar 20 Dairy, LLC_24387 W Whitesbridge Rd_Fresno.pdf",0
kern,generic_r5,2024AR_Mc Moo Farms Dairy.pdf,1
kern,generic_r5,2024AR_West Start North Dairy_26953 Riverside St_Kern.pdf,0
kern,generic_r5,2024AR_H&P Dairy.pdf,1
kern,generic_r5,2024AR G3 Dairy.pdf,1
kern,generic_r5,2024AR_Kootstra Dairy.pdf,0
kern,generic_r5,2024AR_Lakeview Farms Dairy.pdf,1
kern,generic_r5,2024AR_Newhouse Dairy.pdf,1
kern,generic_r5,2024AR_Rosa Dairy.pdf,1
kern,generic_r5,2024AR_Carlos Echeverria & Sons_20229 Old River Rd_Kern.pdf,0
kern,generic_r5,2024AR_Faial Farms 2 Dairy.pdf,1
kern,generic_r5,2024AR_Trilogy Dairy.pdf,1
kern,generic_r5,2024AR_J&R Dairy.pdf,2
kern,generic_r5,2024AR_Panama Ranch Dairy.pdf,1
kern,generic_r5,2024AR_Westwind Dairy.pdf,1
kern,generic_r5,2024AR_Desert View Dairy #1_13437 Gun Club Rd_Kern.pdf,0
kern,generic_r5,2024AR_Bidart Dairy No 2_20400 Old River Rd_Kern.pdf,0
kern,generic_r5,2024AR_AJB Ranch Dairy.pdf,3
kern,generic_r5,2024AR_Maple Dairy.pdf,2
kern,generic_r5,2024AR_Bidart Dairy No 3_25820 Stockdale Hwy_Kern.pdf,0
kern,generic_r5,2024AR_Western Sky Dairy.pdf,1
kern,generic_r5,2024AR_T&W Farms #2 Dairy.pdf,1
kern,generic_r5,2024AR_Avalon Dairy Farms_27125 Pond Rd_Kern.pdf,1
kern,generic_r5,2024AR_Maya Dairy_18451 Wildwood Rd_Kern.pdf,2
kern,generic_r5,2024AR_B.V. Dairy_18904 Bear Moutain Blvd_Kern.pdf,0
kern,generic_r5,2024AR_VP Legacy Farms_28349 Los Angeles St_Kern.pdf,3
kern,generic_r5,2024AR Faial Farms Dairy.pdf,1
kern,generic_r5,2024AR_Vanden Berge Dairy.pdf,0
kern,generic_r5,2024AR_Bear Mountain Dairy.pdf,5
kern,generic_r5,2024AR_Bear 5 Feedlot_12841 Bear Moutain Blvd_Kern.pdf,2
kern,generic_r5,2024AR_Peterson Dairy_30999 Peterson Rd_Kern.pdf,1
kern,generic_r5,2024AR_Affentranger & Sons Dairy.pdf,0
kern,generic_r5,2024AR_Bellanave Dairy.pdf,0
kern,generic_r5,2024AR_Desert View Dairy #2_24794 Sherwood Ave_Kern.pdf,0
kern,generic_r5,2024AR_T&W Farms.pdf,1
kern,generic_r5,2024AR_Richmar Farms Dairy.pdf,0
kern,innovative_ag,2024AR_David Vander Schaaf_7524 South Fairfax Rd_Kern.pdf,2
kern,livingston,2024AR_Oasis Holsteins Dairy_18041 Palm Ave_Kern.pdf,0
kern,livingston,2024AR_Goyenetche Dairy LLC_6041 Brandt Rd_Kern.pdf,0
kern,livingston,2024AR_Whiteside Dairy_16461 Scofield Ave_Kern.pdf,0
kern,livingston,2024AR_Solo Dairy_11495 Jumper Ave_Kern.pdf,1
kern,livingston,2024AR_Tjaarda Dairy_19211 Magnolia Ave_Kern.pdf,1
kern,livingston,2024AR_Skyview Dairy_28989 Riverside St_Kern.pdf,0
kings,generic_r5,2024 AR_White River Dairy.pdf,0
kings,generic_r5,2024AR_Richard Simas Dairy_17571 Flint Ave_Kings.pdf,0
kings,generic_r5,2024AR_LU AR Dairy_6121 15th Ave_Kings.pdf,0
kings,generic_r5,2024AR_Mattos Dairy #4.pdf,0
kings,generic_r5,2024AR_Sozinho Dairy #5.pdf,0
kings,generic_r5,2024AR_Jaques & Silva Dairy_10536 6th Ave_Kings.pdf,1
kings,generic_r5,2024AR_Tony Cox Dairy #4.pdf,0
kings,generic_r5,2024AR_Antonio Garcia Dairy_6571 Fargo Ave_Kings.pdf,2
kings,generic_r5,2024AR_Daniel Brasil Dairy_18280 Fairfax Avenue_Kings.pdf,0
kings,generic_r5,2024AR_Henry Veenendaal Dairy_3678 Houston Ave_Kings.pdf,0
kings,generic_r5,2024AR_Alvaro Machado Dairy_5230 9th Avenue_Kings.pdf,0
kings,generic_r5,2024AR_F&S Brasil Dairy_14235 Kent Ave_Kings.pdf,0
kings,generic_r5,2024AR_J&D Wilson Dairy #2.pdf,0
kings,generic_r5,2024AR_Santa Anita Dairy_4356 Kansas Ave_Kings.pdf,0
kings,generic_r5,2024AR_Double A Feeders_15673 5.5. Ave_kings.pdf,0
kings,generic_r5,2024AR_Golde Star Dairy #2.pdf,0
kings,generic_r5,2024AR_Contente & Co Dairy_7900 15th Ave_Kings.pdf,2
kings,generic_r5,2024AR_Fagundes Agribusiness Dairy_7546 8.5 Ave_Kings.pdf,0
kings,generic_r5,2024AR_Sozinho Dairy #5_4615 Excelsior Ave_Kings.pdf,0
kings,generic_r5,2024AR_Mattos Brother Dairy.pdf,0
kings,generic_r5,2024AR_Sozinho Jerseys.pdf,0
kings,generic_r5,2024AR_Lone Oak Farms Dairy #1_13866 4th Ave_Kings.pdf,0
kings,generic_r5,2024AR_Double N Dairy II.pdf,0
kings,generic_r5,2024AR_Bar E Dairy.pdf,0
kings,generic_r5,2024AR_Dream Dairy #1.pdf,0
kings,generic_r5,2024AR_Georgenson Dairy_8519 24th Ave_Kings.pdf,1
kings,generic_r5,2024AR_Neves Dairy.pdf,0
kings,generic_r5,2024AR_Four Star Dairy.pdf,0
kings,generic_r5,2024AR_Dixie Creek Dairy_3601 Lancy Blvd_Kings.pdf,0
kings,generic_r5,2024AR_Silva & Son Dairy.pdf,0
kings,generic_r5,2024AR_Feliciata Dairy.pdf,0
kings,generic_r5,2024AR_Flatland Farms LLC_8483 15th Ave_Kings.pdf,3
kings,generic_r5,2024AR_Flint Dairy_6511 Flint Ave_Kings.pdf,17
kings,generic_r5,2024AR_Mello D Jerseys_14803 Grangeville Blvd_Kings.pdf,0
kings,generic_r5,2024AR_Over the Moon Dairy_9455 Second Ave_Kings.pdf,0
kings,generic_r5,2024AR_Dutra & Dutra Dairy.pdf,0
kings,generic_r5,2024AR_E Mendes Dairy_23568 Fargo Ave_Kings.pdf,1
kings,generic_r5,2024AR_Bareto & Silviera Dairy.pdf,0
kings,generic_r5,2024AR_Double N Dairy_12700 Everett Ave_Kings.pdf,0
kings,generic_r5,2024AR_A&R Brazil Dairy Sunshine Dairy_13419 7th Ave_Kings.pdf,0
kings,generic_r5,2024AR_Phoenix Dairy_10736 1.5Ave_Kings.pdf,0
kings,generic_r5,2024AR_Sierra Blanca Ranch #2_15010 5th Ave_Kings.pdf,0
kings,generic_r5,2024AR_Dover Dairy_4265 Dover Ave_Kings.pdf,1
kings,generic_r5,2024AR_Joaquim Mattos & Family Dairy.pdf,0
kings,generic_r5,2024AR_Sozinho Dairy #1 & #3_11447 8.5 Ave_Kings.pdf,0
kings,generic_r5,2024AR_Parreira & Gaspar Dairy_17800 4th Avenue_Kings.pdf,0
kings,full_coverage,2024AR_Contente & Co Ranch_5730 20th Ave_Kings.pdf,1
kings,innovative_ag,2024AR_Poplar Lane Dairy_5387 Kent Avenue_Kings.PDF,0
kings,innovative_ag,2024AR_Cowlifornia Dairy LLC_3742 Lacey Blvd_Kings.PDF,0
kings,innovative_ag,2024AR_Jackson Dairy LLC_8637 Jackson Ave_Kings.PDF,0
kings,innovative_ag,2024AR_Valadao Dairy_17293 9.5 Ave_Kings.PDF,0
kings,innovative_ag,2024AR_Parreira Dairy_18081 17th Ave_Kings.PDF,1
kings,innovative_ag,2024AR_Cactus Ranch_8800 Lansing Ave_Kings.PDF,0
kings,innovative_ag,2024AR_Still Water Ranch LLC_5001 4th Avenue_Kings.PDF,0
kings,innovative_ag,2024AR_DeGroot Dairies-South_3101 Granageville Blvd_Kings.PDF,0
kings,innovative_ag,2024AR_Milkaholic Dairy LLC_6267 5th Ave_Kings.PDF,1
kings,innovative_ag,2024AR_J & A Dairy LLC_16283 18th Avenue_Kings.PDF,1
kings,innovative_ag,2024AR_Holland_s Dairy_3533 Grangeville Blvd_Kings.PDF,0
kings,innovative_ag,2024AR_Backroad Ranch #2_4119 Houston Ave_Kings.PDF,1
kings,innovative_ag,2024AR_DeGroot Dairies-North_2446 Grangeville Blvd_Kings.PDF,0
kings,innovative_ag,2024AR_High Roller Dairy_14782 8th Ave_Kings.PDF,0
kings,innovative_ag,2024AR_River Ranch Dairy_6155 Jackson Ave_Kings.PDF,2
kings,innovative_ag,2024AR_The Dairy Inc_6240 21st Ave_Kings.PDF,2
kings,provost_pritchard,2024AR_Diamond D LLC Dairy_9423 Idaho Ave_Kings.PDF,4
kings,provost_pritchard,2024AR_Hakker Dairy_12499 Idaho Ave_Kings.PDF,0
kings,livingston,2024AR_Vitor Borba Heifers.PDF,0
kings,livingston,2024AR_Moonstone Dairy_1305 Iona Avenue_Kings.PDF,1
kings,livingston,2024AR_West Creek Dairy_8409 5th Ave_Kings.PDF,4
kings,livingston,2024AR_Manuel & Alda Lawrence Dairy_12871 Kent Ave_Kings.PDF,0
kings,livingston,2024AR_Vitor Borba Dairy_7721 Flint Ave_Kings.PDF,0
kings,livingston,2024AR_S&A Dairy_13243 Houston Ave_Kings.pdf,1
kings,livingston,2024AR_Bill Idsinga Dairy_4595 Houston Ave_Kings.PDF,1
kings,livingston,2024AR_Vitor Borba Dairy #2_16452 11th Ave_Kings.PDF,1
kings,livingston,2024AR_Cunha Dairy #1_6680 16th Ave_Kings.PDF,0
kings,livingston,2024AR_C&R Dairy_15336 10th Ave_Kings.PDF,1
kings,livingston,2024AR_MF Rosa Dairy_10090 2nd Ave_Kings.PDF,0
tulare_west,generic_r5,"2024AR_Channel Islands Dairy Farms, LLC_13406 Road 24_W Tulare.pdf",1
tulare_west,generic_r5,2024AR_L K Ranches Dairy_29007 Road 56_W Tulare.pdf,0
tulare_west,generic_r5,2024AR_Horizon Jerseys Dairy_8798 Avenue 160_W Tulare.pdf,0
tulare_west,generic_r5,2024AR_Frank C. Lawrence Dairy_28476 Road 52_W Tulare.pdf,0
tulare_west,generic_r5,2024AR_S & S Dairy_5311 Avenue 272_W Tulare.pdf,1
tulare_west,generic_r5,2024AR_Aukeman Farms Dairy_17297 Road 96_W Tulare.pdf,4
tulare_west,generic_r5,2024AR_Delta View Farms #3_4590 Avenue 304_W Tulare.pdf,0
tulare_west,generic_r5,2024AR_Curtimade Dairy_18337 Road 24_W Tulare.pdf,0
tulare_west,generic_r5,2024AR_Scheenstra Dairy_16800 Road 96_W Tulare.pdf,2
tulare_west,generic_r5,Annual Report copy 8.pdf,0
tulare_west,generic_r5,2024AR_Two Star Dairy #1_6305 Avenue 176_W Tulare.pdf,0
tulare_west,generic_r5,Annual Report copy 9.pdf,0
tulare_west,generic_r5,2024AR_Riverview Dairy_9295 Avenue 88_W Tulare.pdf,1
tulare_west,generic_r5,"2024AR_Coronado Dairy Farms, LLC_5850 Avenue 160_W Tulare.pdf",0
tulare_west,generic_r5,2024AR_El Monte Dairy_10410 Avenue 160_W Tulare.pdf,1
tulare_west,generic_r5,2024AR_JNA Brasil Dairy_6323 Avenue 280_W Tulare.pdf,0
tulare_west,generic_r5,Annual Report copy.pdf,0
tulare_west,generic_r5,2024AR_Kroes Family Limited Partnership Dairy_15506 Road 80_W Tulare.pdf,0
tulare_west,generic_r5,2024AR_Dixie Creek South Dairy_24116 Road 28_W Tulare.pdf,0
tulare_west,generic_r5,Annual Report copy 7.pdf,0
tulare_west,generic_r5,Annual Report copy 6.pdf,0
tulare_west,generic_r5,Annual Report copy 4.pdf,0
tulare_west,generic_r5,Annual Report copy 10.pdf,0
tulare_west,generic_r5,Annual Report copy 5.pdf,0
tulare_west,generic_r5,2024AR_Edwin Brasil Dairy_29134 Road 56_W Tulare.pdf,0
tulare_west,generic_r5,Annual Report copy 2.pdf,0
tulare_west,generic_r5,Annual Report copy 3.pdf,0
tulare_west,generic_r5,Annual Report.pdf,0
tulare_west,innovative_ag,2024AR_Decade Dairy_3313 Avenue 256_W Tulare.PDF,1
tulare_west,innovative_ag,2024AR_Meadowlake Dairy_6802 Avenue 120_W Tulare.PDF,4
tulare_west,innovative_ag,2024AR_Brian James Jongsma Dairy_16026 Road 64_W Tulare.PDF,2
tulare_west,innovative_ag,2024AR_K & M Visser Dairy_9279 Avenue 96_W Tulare.PDF,0
tulare_west,innovative_ag,2024AR_South Creek Dairy_11450 Avenue 64_W Tulare.PDF,1
tulare_west,innovative_ag,2024AR_Blue Moon Farms_13213 Road 80_W Tulare.PDF,0
tulare_west,innovative_ag,2024AR_Parreira Farms #2_11021 Avenue 120_W Tulare.PDF,0
tulare_west,innovative_ag,2024AR_Sun Valley Dairy_255 Road 128_W Tulare.PDF,3
tulare_west,innovative_ag,2024AR_John Vander Poel Dairy (Pixley)_8001 Road 104_W Tulare.PDF,0
tulare_west,innovative_ag,2024AR_VP Farms Dairy_15503 Road 96_W Tulare.PDF,0
tulare_west,innovative_ag,2024Ar_Sunset Dairy_29049 Road 68_W Tulare.PDF,1
tulare_west,innovative_ag,2024AR_Back Road Dairy_22000 Road 28_W Tulare.PDF,0
tulare_west,provost_pritchard,2024AR_MS Monteiro & Sons Dairy_3515 Avenue 228_W Tulare.PDF,0
tulare_west,livingston,2024AR_F & L Barcellos #2_7585 Avenue 152_W Tulare.PDF,1
tulare_west,livingston,2024AR_Valov Brothers Farms LP_2865 West Prosperity Avenue_W Tulare.PDF,0
tulare_west,livingston,2024AR_DJ Dairy_4390 Avenue 352_W Tulare.PDF,1
tulare_west,livingston,2024AR_LegenDairy South_8360 Avenue 144_W Tulare.PDF,0
tulare_west,livingston,2024AR_LegenDairy Farms Dairy_14685 Road 96_W Tulare.PDF,0
tulare_west,livingston,2024AR_Jer-Z Boys Dairy #1_11001 Avenue 112_W Tulare.PDF,0
tulare_west,livingston,2024AR_JZB #2 Heifer Ranch_20798 Road 28_W Tulare.PDF,0
tulare_west,livingston,2024AR_Scalia Inc._21399 Road 76_W Tulare.PDF,0
tulare_west,livingston,2024AR_Scalia Inc._7405 Avenue 216_W Tulare.PDF,0
tulare_east,cas,2024AR_Rui and Jennifer Brasil Dairy_8061 Ave 360_Tulare.pdf,1
tulare_east,cas,2024AR_Nunes & Sond Dairy_690 E Oakdale Ave_Tulare.pdf,1
tulare_east,generic_r5,2024AR_Martin Ranch_14861 Ave 144_Tulare.pdf,0
tulare_east,generic_r5,2024AR_Mario Simoes Family Dairy #1_13185 Ave 136_Tulare.pdf,0
tulare_east,generic_r5,2024AR_Avenue 128 Dairy_13002 Ave 128_Tulare.pdf,1
tulare_east,generic_r5,2024AR_Nunes Brothers Dairy_20439 Rd 124_Tulare.pdf,0
tulare_east,generic_r5,2024AR_Lerda-Goni Farms Dairy_18797 Rd 142_Tulare.pdf,0
tulare_east,generic_r5,2024AR_Sousa Dairy_7709 Ave 376_Tulare.pdf,1
tulare_east,generic_r5,2024AR_Double D Dairy_15276 Ivanhoe Dr_Tulare.pdf,0
tulare_east,generic_r5,2024AR_Sunrise Dairy_8022 Ave 368_Tulare.pdf,0
tulare_east,generic_r5,2024AR_Hettinga Farms Dairy_13400 Ave 120_Tulare.pdf,1
tulare_east,generic_r5,2024AR_Bos Farms LP_20397 Rd 152_Tulare.pdf,0
tulare_east,generic_r5,2024AR_Nunes & Sons Dairy Inc_26946 Rd 108_Tulare.pdf,0
tulare_east,generic_r5,2024AR_Fernjo Heifers_14428 Ave 232_Tulare.pdf,0
tulare_east,generic_r5,2024AR_Ribeiro Dairy_17983 Rd 128_Tulare.pdf,0
tulare_east,generic_r5,2024AR_North Ridge Dairy_18951 Ave 192_Tulare.pdf,0
tulare_east,generic_r5,2024AR_White Gold Dairy_18357 Ave 152_Tulare.pdf,0
tulare_east,generic_r5,2024AR_Ben Mendonca & Family Dairy_19517 Rd 124_Tulare.pdf,0
tulare_east,generic_r5,2024AR_Borba Dairy_14836 Rd 200_Tulare.pdf,0
tulare_east,generic_r5,2024AR_Alta Sierra Dairy_7901 Ave 368_Tulare.pdf,1
tulare_east,generic_r5,2024AR_Mancebo Holsteins #1_14891 Ave 232_Tulare.pdf,0
tulare_east,generic_r5,2024AR_Ranco Terisita Dairy #3_12671 Ave 200_Tulare.pdf,0
tulare_east,generic_r5,2024AR_Pacheco & Fagundes Dairy_23388 Rd 180_Tulare.pdf,0
tulare_east,generic_r5,2024AR_Van Beek Brothers Dairy_14808 Ave 152_Tulare.pdf,2
tulare_east,generic_r5,2024AR_Diamond L Dairy_14229 Ave 228_Tulare.pdf,0
tulare_east,generic_r5,2024AR_Fernjo Dairy #1_23135 Rd 148_Tulare.pdf,0
tulare_east,generic_r5,2024AR_Vida Boa Dairy #1_15125 Ave 240_Tulare.pdf,0
tulare_east,generic_r5,2024AR_Rib-Arrow Dairy_18287 Rd 136_Tulare.pdf,0
tulare_east,generic_r5,2024AR_Sepeda Brothers Dairy_18316 Rd 128_Tulare.pdf,0
tulare_east,generic_r5,2024AR_Hoppy Cows Dairy_7435 Ave 360_Tulare.pdf,0
tulare_east,generic_r5,2024AR_A.M. Dairy_8651 Ave 388_Tulare.pdf,0
tulare_east,generic_r5,2024AR_Arthur Leyendekker Dairy_9001 Ave 360 Tulare.pdf,0
tulare_east,generic_r5,2024AR_Fernjo Dairy #2_12131 Ave 200_Tulare.pdf,0
tulare_east,generic_r5,2024AR_Little H Dairy_15804 Ave 248_Tulare.pdf,1
tulare_east,generic_r5,2024AR_Vida Boa #2 Dairy_15011 Ave 240_Tulare.pdf,0
tulare_east,generic_r5,2024AR_Mancebo Holsteins #2 Dairy_23792 Rd 140_Tulare.pdf,1
tulare_east,generic_r5,2024AR_Double Oak Dairy_3573 E Oakdale Ave_Tulare.pdf,0
tulare_east,generic_r5,2024AR_T-Bar Dairy_14851 Rd 168_Tulare.pdf,1
tulare_east,generic_r5,2024AR_Rocky Road Dairy_8715 Ave 368_Tulare.pdf,2
tulare_east,generic_r5,2024AR_Fernjo Dairy #3_14213 Ave 232_Tulare.pdf,0
tulare_east,generic_r5,2024AR_Milky Way Dairy_34800 Rd 80_Tulare.pdf,0
tulare_east,generic_r5,2024AR_Tristar Dairy_12212 Ave 176_Tulare.pdf,0
tulare_east,innovative_ag,2024AR_Oakbend South Dairy_15651 Ave 192_Tulare.PDF,4
tulare_east,innovative_ag,2024AR_Homestead Dairy_10178 Ave 352_Tulare.PDF,0
tulare_east,innovative_ag,2024AR_Top O_ The Morn Farms_17324 Rd 136_Tulare.PDF,0
tulare_east,innovative_ag,2024AR_Elbow Creek Dairy_34537 Rd 124_Tulare.PDF,5
tulare_east,innovative_ag,2024AR_K A Vanderham Dairy_12565 Ave 152_Tulare.PDF,2
tulare_east,innovative_ag,2024AR_D & V Dairy_15625 Ave 144_Tulare.PDF,7
tulare_east,innovative_ag,2024AR_Highstreet Dairy_15503 Ave 240_Tulare.PDF,0
tulare_east,innovative_ag,2024AR_Vander Tuig Dairy_20127 Rd 164_Tulare.PDF,0
tulare_east,innovative_ag,2024AR_East View Dairy_10485 Ave 352_Tulare.PDF,0
tulare_east,innovative_ag,2024AR_Vintage Dairy_12608 Rd 144_Tulare.PDF,3
tulare_east,innovative_ag,2024AR_DG Farms_15419 Ave 96_Tulare.PDF,0
tulare_east,innovative_ag,2024AR_Jesse and James Jongsma Dairy_9229 Rd 164_Tulare.PDF,1
tulare_east,innovative_ag,2024AR_Gerben Leyendekker Dairy #1_8517 Ave 360_Tulare.PDF,2
tulare_east,innovative_ag,2024AR_Jacobus De Groot Dairy #2_10438 Ave 320_Tulare.PDF,0
tulare_east,innovative_ag,2024AR_Rob Van Grouw Dairy_32843 Rd 76_Tulare.PDF,0
tulare_east,innovative_ag,2024AR_Will De Groot Dairy_15471 Ave 104_Tulare.PDF,0
tulare_east,innovative_ag,2024AR_Outlaw Dairy_12735 Ave 192_Tulare.PDF,0
tulare_east,innovative_ag,2024AR_Riverbend Dairy_20799 Rd 132_Tulare.PDF,4
tulare_east,innovative_ag,2024AR_Oakbend Dairy_23561 Rd 168_Tulare.PDF,1
tulare_east,innovative_ag,2024AR_Louie De Groot Dairy_15081 Ave 104_Tulare.PDF,3
tulare_east,innovative_ag,2024AR_John Jongsma Dairy_15434 Ave 192_Tulare.PDF,3
tulare_east,innovative_ag,2024AR_William & John Jongsma Dairy_11598 Rd 152_Tulare.PDF,1
tulare_east,innovative_ag,2024AR_Boertje Farms_37190 Rd 132_Tulare.pdf,0
tulare_east,innovative_ag,2024AR_Skyline Dairy_15992 Ave 192_Tulare.PDF,5
tulare_east,innovative_ag,2024AR_East Ridge Farms_14153 Rd 168_Tulare.PDF,4
tulare_east,innovative_ag,2024AR_Sierra View Dairy+13376 Ave 224_Tulare.PDF,2
tulare_east,innovative_ag,2024AR_Rijlaarsdam Dairy_12031 Ave 352_Tulare.PDF,1
tulare_east,innovative_ag,2024AR_4 Corners Dairy_14976 Ave 168_Tulare.pdf,2
tulare_east,innovative_ag,2024AR_COS Dairy_12764 Ave 224_Tulare.PDF,0
tulare_east,innovative_ag,2024AR_G-P Dairy_8676 Ave 360_Tulare.PDF,0
tulare_east,innovative_ag,2024AR_Western Pacific Dairy_14854 Ave 120_Tulare.PDF,0
tulare_east,innovative_ag,2024AR_Rancho Sierra Vista Dairy_32866 Rd 108_Tulare.PDF,3
tulare_east,innovative_ag,2024AR_Chris & John Jongsma Dairy_15759 Ave 128_Tulare.PDF,1
tulare_east,innovative_ag,2024AR_Chris De Jong Dairy_14763 Rd168_Tulare.PDF,0
tulare_east,innovative_ag,2024AR_Henry A Garcia & Son Dairy_12521 Ave 200_Tulare.PDF,0
tulare_east,innovative_ag,2024AR_South Corner Dairy_8150 Ave 360_Tulare.PDF,4
tulare_east,innovative_ag,2024AR_Sunset Ranch_19493 Rd 140_Tulare.PDF,3
tulare_east,innovative_ag,2024AR_Parreira Gasper Dairy_16087 Ave 188_Tulare.PDF,0
tulare_east,innovative_ag,2024AR_Cross Creek Dairy_10167 Ave 352_Tulare.PDF,0
tulare_east,innovative_ag,2024AR_Bosch Dairy Farms_1260 S Mariposa Ave_Tulare.PDF,0
tulare_east,innovative_ag,2024AR_Little Ranch Dairy_13167 Rd 144_Tulare.PDF,0
tulare_east,innovative_ag,2024AR_Jacobus DeGroot Dairy #1_31847 Rd 92_Tulare.PDF,1
tulare_east,innovative_ag,2024AR_Milk Maid Dairy_35826 Rd 100_Tulare.PDF,0
tulare_east,innovative_ag,2024AR_West Wing Dairy_20997 Rd 180_Tulare.PDF,0
tulare_east,innovative_ag,2024AR_Double J Dairy_6656 Ave 328_Tulare.PDF,6
tulare_east,innovative_ag,2024AR_Riverbend East Dairy_20303 Rd 140_Tulare.PDF,1
tulare_east,innovative_ag,2024AR_Red Rose Dairy_8950 Ave 360_Tulare.PDF,0
tulare_east,provost_pritchard,2024AR_Cream Top Dairy_13075 Ave 200_Tulare.PDF,0
tulare_east,provost_pritchard,2024AR_Triple H Dairy #1_13255 Ave 212_Tulare.PDF,2
tulare_east,livingston,2024AR_Double M Jerseys_11595 Ave 164_Tulare.PDF,0
tulare_east,livingston,2024AR_Hoffman Dairy_Riverbend Dairy_21346 Rd 140_Tulare.pdf,0
tulare_east,livingston,2024AR_Five Star Dairy_14552 Ave 152_Tulare.PDF,1
tulare_east,livingston,2024AR_Shirk Dairy_2820 S Shirk Rd_Tulare.PDF,0
tulare_east,livingston,2024AR_Lou-Mar Dairy_14870 Ave 152_Tulare.PDF,1
tulare_east,livingston,2024AR_Elkhorn Dairy_10400 Ave 368_Tulare.PDF,1
tulare_east,livingston,2024AR_Faria Farms Inc. Dairy_13927 Rd 136_Tulare.PDF,0
tulare_east,livingston,2024AR_Joe C Pires Jr Dairy_13806 Ave 152_Tulare.PDF,0
tulare_east,livingston,2024AR_Rainimade Dairy #2_34308 Rd 124_Tulare.PDF,0
tulare_east,livingston,2024AR_Mountain View Dairy_37455 Rd 144_Tulare.PDF,0
tulare_east,livingston,2024AR_Dairyland Farms Dairy_15982 RD 152_Tulare.PDF,0
tulare_east,livingston,2024AR_Tri Bak Dairy LLC_9045 Ave 368_Tulare.PDF,1
tulare_east,livingston,2024AR_Borba & Sons_13511 Rd 120_Tulare.pdf,1
tulare_east,livingston,2024AR_Mellema Calf Ranch_32210 Rd 92_Tulare.PDF,1
tulare_east,livingston,2024AR_Lawrence Family Farms Dairy_14760 Ave 208_Tulare.PDF,1
tulare_east,livingston,2024AR_De Jong Dairy Farms Inc_13076 Ave 368_Tulare.PDF,0
tulare_east,livingston,2024AR_Mendonsa Family Farms Dairy_12750 Ave 160_Tulare.PDF,0
tulare_east,livingston,2024AR_Borges Dairy_16371 Rd 136_Tulare.pdf,0
tulare_east,livingston,2024AR_Rainimade Dairy_33640 Rd 124_Tulare.PDF,0
tulare_east,livingston,2024AR_Mellema Dairy_9420 Ave 320_Tulare.PDF,1
tulare_east,livingston,2024AR_FM Jersey Dairy_16301 Rd 124_Tulare.PDF,0
tulare_east,livingston,2024AR_Hilarides Dairy_24163 Rd 188_Tulare.PDF,0
tulare_east,livingston,2024AR_Yettem Dairy_37943 Rd 144_Tulare.pdf,0
tulare_east,livingston,2024AR_Tipton Dairy_196 Olive Ave_Tulare.PDF,0
tulare_east,livingston,2024AR_Fernridge Farms_11679 Ave 200_Tulare.PDF,0
tulare_east,livingston,2024AR_Mellema West Dairy_9232 Ave 320_Tulare.PDF,0
tulare_east,livingston,2024AR_FM Ranch #3_1474 Hwy 99_Tulare.PDF,0
tulare_east,livingston,2024AR_Santos Jer-Z Dairy_Tulare.PDF,1
tulare_east,livingston,2024AR_Ed Souza & Son Dairy_15390 Ave 244_Tulare.PDF,0
tulare_east,livingston,2024AR_GTA Dairy_16197 Ave 172_Tulare.PDF,1
tulare_east,livingston,2024AR_Pires Dairy_13464 Ave 152_Tulare.PDF,2
tulare_east,livingston,2024AR_Fern Oak Farms Dairy_17001 Ave 160_Tulare.PDF,1
tulare_east,livingston,2024AR_Middle Ranch Facility_13805 Ave 160_Tulare.PDF,0
tulare_east,dellaville,2024AR_Kampen Ranches Dairy_33689 Rd 108_Tulare.pdf,0
rancho_cordova,cas,22759 S Mercy Springs Rd Los Banos 2024 Dairy AR.pdf,2
rancho_cordova,cas,5672 Whitworth Rd Gustine 2024 Dairy AR.PDF,0
rancho_cordova,cas,11132 Shultz Rd El Nido 2024 Dairy AR.PDF,0
rancho_cordova,cas,1319 S Quinley Ave Merced 2024 Dairy AR.pdf,0
rancho_cordova,cas,"9558 Columbus Ave, Hilmar 2024 Dairy AR.PDF",27
rancho_cordova,cas,9201 Hilmar Rd Turlock 2024 Dairy AR.pdf,2
rancho_cordova,cas,3105 Trindade Rd Atwater 2024 Dairy AR.pdf,0
rancho_cordova,cas,12710 S Wilson Rd Los Banos 2024 Dairy AR.PDF,0
rancho_cordova,cas,22495 W China Camp Rd Los Banos 2024 Dairy AR.PDF,0
rancho_cordova,cas,27890 W Brazo Rd Newman 2024 Dairy AR.PDF,3
rancho_cordova,cas,22484 China Camp Rd Los Banos 2024 Dairy AR.pdf,0
rancho_cordova,cas,870 Kniebes Rd Gustine 2024 Dairy AR.PDF,0
rancho_cordova,cas,"13745 Newport Rd, Turlock 2024 Dairy AR.PDF",0
rancho_cordova,cas,28471 W Hulen Rd Gustine 2024 Dairy AR.PDF,0
rancho_cordova,cas,7618 S Hwy 59 El Nido 2024 Dairy AR.PDF,2
rancho_cordova,cas,"1499 Edminster Rd, Stevinson 2024 Dairy AR.pdf",0
rancho_cordova,cas,"21330 W Second Ave, Stevinson 2024 Dairy AR.PDF",1
rancho_cordova,cas,3701 Langworth Rd Modesto 2024 Dairy AR.PDF,2
rancho_cordova,cas,14651 Carlucci Rd Dos Palos 2024 Dairy AR.PDF,0
rancho_cordova,cas,"3991 Lander Ave, Stevinson 2024 Dairy AR.PDF",0
rancho_cordova,cas,"7689 Washington Rd, Hilmar 2024 Dairy AR.PDF",1
rancho_cordova,cas,11775 S Arbor Way El Nido 2024 Dairy AR.PDF,0
rancho_cordova,cas,13235 S Baker Rd Los Banos 2024 Dairy AR.PDF,0
rancho_cordova,cas,15373 S Flanagan Rd Dos Palos 2024 Poultry AR.PDF,2
rancho_cordova,cas,8350 E Brady Ave Manteca 2024 Dairy AR.pdf,2
rancho_cordova,cas,519 E Stuhr Rd Newman 2024 Dairy AR.pdf,2
rancho_cordova,cas,16489 August Ave Delhi 2024 Dairy AR.PDF,1
rancho_cordova,cas,3874 N Franklin Rd Merced 2024 Dairy AR.PDF,0
rancho_cordova,cas,10268 S Hwy 33 Gustine 2024 Dairy AR.pdf,0
rancho_cordova,cas,931 S Blaker Rd Turlock 2024 Dairy AR.PDF,1
rancho_cordova,cas,"6706 Elaine RD, Turlock 2024 Dairy AR.pdf",2
rancho_cordova,cas,511 Applegate Rd Atwater 2024 Dairy AR.pdf,0
rancho_cordova,cas,5201 Milnes Rd Modesto 2024 Dairy AR.PDF,3
rancho_cordova,cas,10652 Newsome Rd Gustine 2024 Dairy AR.PDF,2
rancho_cordova,cas,29687 Fentem Rd Gustine 2024 Dairy AR.PDF,0
rancho_cordova,cas,15782 Arroya Ave Dos Palos 2024 Dairy AR.PDF,0
rancho_cordova,cas,3130 De Witt Rd Modesto 2024 Dairy AR.PDF,1
rancho_cordova,cas,"13831 East Ave, Turlock 2024 Dairy AR.PDF",0
rancho_cordova,cas,2892 N Gurr Rd Atwater 2024 Dairy AR.pdf,1
rancho_cordova,cas,14903 S Volta Rd Los Banos 2024 Dairy AR.PDF,2
rancho_cordova,cas,"11076 Vincent Rd, Turlock 2024 Dairy AR.PDF",1
rancho_cordova,cas,2031 Washington Rd El Nido 2024 Dairy AR.pdf,0
rancho_cordova,cas,15475 W Henry Miller Rd 2024 Dairy AR.PDF,0
rancho_cordova,cas,"21625 Geer Ave, Hilmar 2024 Dairy AR.pdf",0
rancho_cordova,cas,1257 W Roosevelt Rd El Nido 2024 Dairy AR.pdf,3
rancho_cordova,cas,5245 S Hwy 33 Gustine 2024 Dairy AR.PDF,0
rancho_cordova,cas,26380 W Fahey Rd Gustine 2024 Dairy AR.PDF,0
rancho_cordova,cas,13459 S Turner Island Rd Dos Palos 2024 Dairy AR.PDF,0
rancho_cordova,cas,20967 Paradise Rd Tracy 2024 Dairy AR.pdf,0
rancho_cordova,cas,9207 American Ave Hilmar 2024 Dairy AR.PDF,2
rancho_cordova,cas,5615 Ave 24 Chowchilla 2024 Dairy AR.PDF,0
rancho_cordova,cas,29191 W Husman Rd Gustine 2024 Dairy AR.pdf,2
rancho_cordova,cas,7581 N Merced Ave 2024 Dairy AR.PDF,1
rancho_cordova,cas,4235 Oak Ave Merced 2024 Dairy AR.PDF,0
rancho_cordova,cas,2226 Hull Rd Atwater 2024 Dairy AR.pdf,0
rancho_cordova,cas,4390 N Fox Rd Merced 2024 Dairy AR.PDF,2
rancho_cordova,generic_r5,2331 E Roosevelt Rd El Nido 2024 Dairy AR.pdf,0
rancho_cordova,generic_r5,17399 E Avena Rd Escalon 2024 Dairy AR.pdf,1
rancho_cordova,generic_r5,19405 E Mariposa Rd Stockton 2024 Dairy AR.pdf,0
rancho_cordova,generic_r5,1218 W Keyes Rd Modesto 2024 Dairy AR.pdf,0
rancho_cordova,generic_r5,2618 E Reilly Rd Merced 2024 Dairy AR.pdf,0
rancho_cordova,generic_r5,12121 McKenzie Rd Galt 2024 Dairy AR.pdf,0
rancho_cordova,generic_r5,836 W Linwood Ave Crows Landing 2024 Dairy AR.pdf,0
rancho_cordova,generic_r5,5454 W Keyes Rd Modesto 2024 Dairy AR.pdf,0
rancho_cordova,generic_r5,13340 Sargent Ave Galt 2024 Dairy AR.pdf,1
rancho_cordova,generic_r5,"20777 Riverside Ave, Hilmar 2024 Dairy AR.pdf",0
rancho_cordova,generic_r5,28366 Husman Rd Gustine 2024 Dairy AR.pdf,0
rancho_cordova,generic_r5,5000 W Keyes Rd Modesto 2024 Dairy AR.pdf,13
rancho_cordova,generic_r5,6052 Trahern Rd Manteca 2024 Dairy AR.pdf,0
rancho_cordova,generic_r5,9950 Arno Rd Galt 2024 Dairy AR.pdf,2
rancho_cordova,generic_r5,5213 W Grayson Rd Modesto 2024 Dairy AR.pdf,0
rancho_cordova,generic_r5,3449 Paradise Rd Modesto 2024 Dairy AR.pdf,1
rancho_cordova,generic_r5,"20326 Johnson Ave, Hilmar 2024 Dairy AR.pdf",14
rancho_cordova,generic_r5,2852 W Turlock Rd Snelling 2024 Dairy AR.pdf,0
rancho_cordova,generic_r5,2306 W Fulkerth Rd Crows Landing 2025 Dairy AR.pdf,5
rancho_cordova,generic_r5,1007 S Hart Rd Modesto 2024 Dairy AR.pdf,7
rancho_cordova,generic_r5,12467 Carpenter Rd Crows Landingt 2024 Dairy AR.pdf,0
rancho_cordova,generic_r5,"24093 W. American Ave, Hilmar 2024 Dairy AR.pdf",1
rancho_cordova,generic_r5,"5600 Clayton Rd, Turlock 2024 Dairy AR.pdf",2
rancho_cordova,generic_r5,6557 Oak Ave Merced 2024 Dairy AR.pdf,0
rancho_cordova,generic_r5,12465 Lee Rd Ballico 2024 Dairy AR.pdf,0
rancho_cordova,generic_r5,4848 Jackson Rd Modesto 2024 Dairy AR.pdf,0
rancho_cordova,generic_r5,8988 W Meadow Dr Winton 2024 Dairy AR.pdf,0
rancho_cordova,generic_r5,"5837 Hultberg RD, Turlock 2024 Dairy AR.pdf",3
rancho_cordova,generic_r5,2655 W Monte Vista Ave Modesto 2024 Dairy AR.pdf,0
rancho_cordova,generic_r5,5254 Blue Gum Ave Modesto 2024 Dairy AR.pdf,0
rancho_cordova,generic_r5,"3303 S. Washington Rd, Turlock 2024 Dairy AR.pdf",13
rancho_cordova,generic_r5,11100 E Liberty Rd Galt 2024 Dairy AR.pdf,1
rancho_cordova,generic_r5,1912 Franklin Rd Merced 2024 Dairy AR.pdf,0
rancho_cordova,generic_r5,"18254 N. First Ave, Stevinson 2024 Dairy AR.pdf",2
rancho_cordova,generic_r5,13701 S Hwy 59 El Nido 2024 Dairy AR.pdf,5
rancho_cordova,generic_r5,3636 E Monte Vista Rd Ceres 2024 Dairy AR.pdf,8
rancho_cordova,generic_r5,2330 Ladd Rd Modesto 2024 Dairy AR.pdf,0
rancho_cordova,generic_r5,25381 E Dodds Rd Escalon 2024 Dairy AR.pdf,2
rancho_cordova,generic_r5,11601 Simmerhorn Rd Galt 2024 Dairy AR.pdf,0
rancho_cordova,generic_r5,18338 E Mariposa Rd Stockton 2024 Dairy AR.pdf,0
rancho_cordova,generic_r5,15343 Tim Bell Rd Waterford 2024 Dairy AR.pdf,2
rancho_cordova,generic_r5,5851 S Hwy 59 Hwy 2024 Dairy AR.pdf,0
rancho_cordova,generic_r5,9436 Griffith Ave Delhi 2024 Dairy AR.pdf,0
rancho_cordova,generic_r5,21334 American Ave Hilmar 2024 Dairy AR.pdf,0
rancho_cordova,generic_r5,6916 County Rd 30 Orland 2024 Dairy AR.pdf,0
rancho_cordova,generic_r5,"9500 W. Linwood Ave, Turlock 2024 GoatDairy AR.pdf",0
rancho_cordova,generic_r5,12100 Fogarty Rd Oakdale 2024 Dairy AR.pdf,1
rancho_cordova,generic_r5,"26290 SOuth Union Road, Manteca 2024 Dairy AR.pdf",3
rancho_cordova,generic_r5,20634 S Lammers Rd Tracy 2024 Dairy AR.pdf,0
rancho_cordova,generic_r5,11301 W Bradbury Rd Turlock 2024 Dairy AR.pdf,1
rancho_cordova,generic_r5,"12926 N Vincent Rd, Turlock 2024 Dairy AR.pdf",0
rancho_cordova,generic_r5,13080 E Harney Ln Lodi 2024 Dairy AR.pdf,1
rancho_cordova,generic_r5,22651 W Williams Rd Hilmar 2024 Dairy AR.pdf,0
rancho_cordova,generic_r5,6460 Smith Rd Oakdale 2024 Dairy AR.pdf,1
rancho_cordova,generic_r5,26230 S Union Rd Manteca 2024 Dairy AR.pdf,1
rancho_cordova,generic_r5,12081 S Cherokee Rd Gustine 2024 Dairy AR.pdf,0
rancho_cordova,generic_r5,24567 E Lone Tree Rd Escalon 2024 Dairy AR.pdf,0
rancho_cordova,generic_r5,"7884 Faith Home Rd, Hilmar 2024 Dairy AR.pdf",1
rancho_cordova,generic_r5,25115 Clark Ave Orland 2024 Dairy AR.PDF,0
rancho_cordova,generic_r5,1616 Cornelius Ave Nicolaus 2024 Dairy AR.pdf,0
rancho_cordova,generic_r5,28470 W Cottonwood Rd Gustine 2024 Dairy AR.pdf,1
rancho_cordova,generic_r5,"20271 Johnson Ave, Hilmar 2024 Dairy AR.pdf",0
rancho_cordova,generic_r5,17273 W Cotton Gin Rd Los Banos 2024 Dairy AR.pdf,0
rancho_cordova,generic_r5,18948 N Thornton Rd Lodi 2024 Dairy AR.pdf,1
rancho_cordova,generic_r5,20002 N Thornton Rd Lodi 2024 Dairy AR.pdf,0
rancho_cordova,generic_r5,9701 Atwater Jordan Road Atwater 2024 Dairy AR.pdf,2
rancho_cordova,generic_r5,18037 S Center Ave Los Banos 2024 Dairy AR.pdf,2
rancho_cordova,generic_r5,"7706 Tegner Rd, Hilmar 2024 Dairy AR.pdf",5
rancho_cordova,generic_r5,14478 Cox Ferry Rd Snelling 2024 Dairy AR.pdf,0
rancho_cordova,generic_r5,25723 N Elliott Rd Galt 2024 Dairy AR.pdf,0
rancho_cordova,generic_r5,28524 S Kasson Rd Tracy 2024 Dairy AR.pdf,1
rancho_cordova,generic_r5,6506 Vivian Rd Modesto 2024 Dairy AR.pdf,1
rancho_cordova,generic_r5,"22338 Short Rd, Hilmar 2024 Dairy AR.pdf",1
rancho_cordova,generic_r5,29744 Cottonwood Rd Gustine 2024 Dairy AR.pdf,2
rancho_cordova,generic_r5,23243 N Rond Rd Lodi 2024 Dairy AR.pdf,0
rancho_cordova,generic_r5,12021 E Harney Ln Lodi 2024 Dairy AR.pdf,0
rancho_cordova,generic_r5,6001 W Zeering Rd Ceres 2024 Dairy AR.pdf,0
rancho_cordova,generic_r5,16348 S Van Allen Rd 2024 Dairy AR.pdf,1
rancho_cordova,generic_r5,1685 S Hart Rd Modesto 2024 Dairy AR.pdf,0
rancho_cordova,generic_r5,6455 California Ave Modesto 2024 Dairy AR.pdf,0
rancho_cordova,generic_r5,"9483 Columbus Ave, Hilmar 2024 Dairy AR.pdf",31
rancho_cordova,generic_r5,27500 W Bunker Rd Gustine 2024 Dairy AR.pdf,9
rancho_cordova,generic_r5,1763 S Hewitt Rd Linden 2024 Dairy AR.pdf,2
rancho_cordova,generic_r5,1650 McNamara Rd Merced 2024 Dairy AR.pdf,0
rancho_cordova,generic_r5,14842 E Keyes Rd Denair 2024 Dairy AR.pdf,2
rancho_cordova,generic_r5,2487 W Turlock Rd Snelling 2024 Dairy AR.pdf,0
rancho_cordova,generic_r5,7215 S Prairie Flower Rd Turlock 2024 Dairy AR.pdf,9
rancho_cordova,generic_r5,4890 S Healy Rd Merced 2024 Dairy AR.pdf,9
rancho_cordova,generic_r5,"19051 W Williams Rd, Hilmar 2024 Dairy AR.pdf",0
rancho_cordova,generic_r5,3645 W Bradshaw Rd Atwater 2024 Dairy AR.pdf,1
rancho_cordova,generic_r5,3493 BVD Ave Merced 2024 Dairy AR.pdf,3
rancho_cordova,generic_r5,17265 Swanson Rd Delhi 2024 Dairy AR.pdf,1
rancho_cordova,generic_r5,11098 Boessow Rd Galt 2024 Dairy AR.pdf,0
rancho_cordova,generic_r5,8178 Paradise Rd Modesto 2024 Dairy AR.pdf,0
rancho_cordova,generic_r5,"1008 N. Verduga Rd, Turlock 2024 Dairy AR.pdf",0
rancho_cordova,generic_r5,7260 Carpenter Rd Modesto 2024 Dairy AR.pdf,0
rancho_cordova,generic_r5,4900 E Dodds Rd Oakdale 2024 Dairy AR.pdf,2
rancho_cordova,generic_r5,3307 S Blaker Rd Turlock 2024 Dairy AR.pdf,0
rancho_cordova,generic_r5,24197 E Mariposa Rd Escalon 2024 Dairy AR.pdf,0
rancho_cordova,generic_r5,4419 S Faith Home Rd Turlock 2024 Dairy AR.pdf,2
rancho_cordova,generic_r5,3025 E Sandy Mush Rd Merced 2024 Dairy AR.pdf,0
rancho_cordova,generic_r5,28209 Husman Rd Gustine 2024 Dairy AR.pdf,0
rancho_cordova,generic_r5,2363 N Howard Rd Livingston 2024 Dairy AR.pdf,0
rancho_cordova,generic_r5,10407 W Bradbury Rd Turlock 2024 Dairy AR.pdf,0
rancho_cordova,generic_r5,10077 Ave 26 Chowchilla 2024 Dairy AR.pdf,1
rancho_cordova,generic_r5,2439 County Rd V Glenn 2024 Dairy AR.pdf,0
rancho_cordova,generic_r5,22075 E Lone Tree Rd Escalon 2024 Dairy AR.pdf,0
rancho_cordova,generic_r5,7251 Crows Landing Rd Ceres 2024 Dairy AR.pdf,4
rancho_cordova,generic_r5,5070 S Hunt Rd Gustine 2024 Dairy AR.pdf,3
rancho_cordova,generic_r5,3354 W Whitmore Ave Modesto 2024 Dairy AR.pdf,1
rancho_cordova,generic_r5,"22014 Turner Ave, Hilmar 2024 Dairy AR.pdf",3
rancho_cordova,generic_r5,11923 E Childs Ave L Grand 2024 Dairy AR.pdf,1
rancho_cordova,generic_r5,8450 S Hwy 33 Gustine 2024 Dairy AR.pdf,2
rancho_cordova,generic_r5,"10119 W. August Rd, Turlock 2024 Dairy AR.pdf",0
rancho_cordova,generic_r5,13640 Collier Rd Delhi 2024 Dairy AR.pdf,12
rancho_cordova,generic_r5,6787 E Jahant Rd Acampo 2024 dairy AR.pdf,0
rancho_cordova,generic_r5,"9018 W Linwood Ave, Turlock 2024 Dairy AR.pdf",0
rancho_cordova,generic_r5,"20316 Crane Ave, Hilmar 2024 Dairy AR.pdf",9
rancho_cordova,generic_r5,20246 S Lammers Rd Tracy 2024 Dairy AR.pdf,0
rancho_cordova,generic_r5,6960 Crane Rd Oakdale 2024 Dairy AR.pdf,0
rancho_cordova,generic_r5,11375 S Ivy Ave Chowchilla 2024 Dairy AR.pdf,0
rancho_cordova,generic_r5,17263 Brennan Ave Escalon 2024 Dairy AR.pdf,0
rancho_cordova,generic_r5,937 El Katrina Ln Ceres 2024 Dairy AR.pdf,0
rancho_cordova,generic_r5,22116 W Hwy 152 Los Banos 2024 Dairy AR.pdf,0
rancho_cordova,generic_r5,15635 S Steingul Rd Esaclon 2024 Dairy AR.pdf,0
rancho_cordova,generic_r5,6600 S Hwy 59 Merced 2024 Dairy AR.pdf,0
rancho_cordova,generic_r5,6942 S Central Ave Ceres 2024 Dairy AR.pdf,1
rancho_cordova,generic_r5,5020 S Hwy 59 Merced 2024 Dairy AR.pdf,0
rancho_cordova,generic_r5,4400 Point Pleasant Rd Elk Grove 2024 Dairy AR.pdf,0
rancho_cordova,generic_r5,6100 Hinds Rd Oakdale 2024 Dairy AR.pdf,0
rancho_cordova,generic_r5,12997 E Peltier Rd Acampo 2024 Dairy AR.pdf,8
rancho_cordova,generic_r5,"619 S Vincent Rd, Turlock 2024 Dairy AR.pdf",1
rancho_cordova,generic_r5,1439 Albers Rd Modesto 2024 Dairy AR.pdf,1
rancho_cordova,generic_r5,"21052 Johnson Ave, Hilmar 2024 Dairy AR.pdf",0
rancho_cordova,generic_r5,12712 W Bradbury Rd Turlock 2024 Dairy AR.pdf,1
rancho_cordova,generic_r5,9547 New Hope Rd Galt 2024 Dairy AR.pdf,8
rancho_cordova,generic_r5,10145 Pringle Ave Galt 2024 Dairy AR.pdf,0
rancho_cordova,generic_r5,1500 Fulkerth Rd Crows Landing 2024 Dairy AR.pdf,15
rancho_cordova,generic_r5,1343 Magnolia Ave Patterson 2024 Dairy AR.pdf,2
rancho_cordova,generic_r5,1901 N Hayden Rd Le Grand 2024 Dairy AR.pdf,7
rancho_cordova,generic_r5,"20334 W. Oslo Rd, Hilmar 2024 Dairy AR.pdf",0
rancho_cordova,generic_r5,8255 Maze Blvd Modesto 2024 Dairy AR.pdf,0
rancho_cordova,generic_r5,"3137 E Tuolumne Rd, Ceres 2024 Dairy AR.pdf",1
rancho_cordova,generic_r5,13020 Pellandini Rd Galt 2024 Dairy AR.pdf,0
rancho_cordova,generic_r5,12951 E Harney Ln Lodi 2024 Dairy AR.pdf,0
rancho_cordova,generic_r5,"2401 Newman Rd, Turlock 2024 Dairy AR.pdf",0
rancho_cordova,generic_r5,12530 Warnerville Rd Oakdale 2024 Dairy AR.pdf,2
rancho_cordova,generic_r5,"18637 E Bradbury Rd, Turlock 2024 Dairy AR.pdf",0
rancho_cordova,generic_r5,6721 E Perrin Rd Manteca 2024 Dairy AR.pdf,0
rancho_cordova,generic_r5,"1707 S Mitchell Rd, Turlock 2024 Dairy AR.pdf",1
rancho_cordova,generic_r5,3737 Weir Ave Livingston 2024 Dairy AR.pdf,0
rancho_cordova,generic_r5,17463 E Gawne Rd Stockton 2024 Dairy AR.pdf,5
rancho_cordova,generic_r5,30711 Pfitzer Rd Gustine 2024 Dairy AR.pdf,0
rancho_cordova,generic_r5,22578 W Henry Miller Rd Los Banos 2024 Dairy AR.pdf,1
rancho_cordova,generic_r5,12637 S Van Allen Rd Escalon 2024 Dairy AR.pdf,0
rancho_cordova,generic_r5,730 Bystrum Rd Turlock 2024 Dairy AR.pdf,1
rancho_cordova,generic_r5,11204 Fulkerth Rd Turlock 2024 Dairy AR.pdf,1
rancho_cordova,generic_r5,7575 N Live Oak Rd Lodi 2024 Dairy AR.pdf,0
rancho_cordova,generic_r5,6900 Lambert Rd Elk Grove 2024 Dairy AR.pdf,0
rancho_cordova,generic_r5,22678 W Pioneer Rd Los Banos 2024 Dairy AR.pdf,0
rancho_cordova,generic_r5,1412 Albers Rd Modesto 2024 Dairy AR.pdf,0
rancho_cordova,generic_r5,"7413 S Mitchell Rd, Turlock 2024 Dairy AR.pdf",32
rancho_cordova,generic_r5,6626 N Central Ave Hilmar 2024 Dairy AR.pdf,2
rancho_cordova,generic_r5,8118 Sikes Rd Dixon 2024 Dairy AR.pdf,1
rancho_cordova,generic_r5,10836 Hwy 120 Oakdale 2024 Dairy AR .pdf,2
rancho_cordova,generic_r5,"2472 Gates Rd, Modesto 2024 Dairy AR.pdf",5
rancho_cordova,generic_r5,13293 E Louise Ave Manteca 2024 Dairy AR.pdf,1
rancho_cordova,generic_r5,29633 Husman Rd Gustine 2024 Dairy AR.pdf,0
rancho_cordova,generic_r5,11758 Carroll Rd Elk Grove 2024 Dairy AR.pdf,0
rancho_cordova,generic_r5,"18128 American Ave, Hilmar 2024 Dairy AR.pdf",0
rancho_cordova,generic_r5,20623 E Lone Tree Rd Escalon 2024 Dairy AR.pdf,1
rancho_cordova,generic_r5,3700 Claus Rd Modesto 2024 Dairy AR.pdf,0
rancho_cordova,generic_r5,"5524 S Central Ave, Turlock 2024 Dairy AR.pdf",0
rancho_cordova,generic_r5,21876 W Sunset Ave Los Banos 2024 Dairy AR.pdf,0
rancho_cordova,generic_r5,8002 S Bliss Rd Chowchilla 2024 Dairy AR.pdf,0
rancho_cordova,generic_r5,7319 Beckwith Rd Modesto 2024 Dairy AR.pdf,3
rancho_cordova,generic_r5,5511 W Sandy Mush Rd Merced 2024 Dairy AR.pdf,3
rancho_cordova,generic_r5,"10408 W Bradbury Rd, Turlock 2024 Dairy AR.pdf",0
rancho_cordova,generic_r5,"5297 Kelley Rd, Hilmar 2024 Dairy AR.pdf",1
rancho_cordova,generic_r5,"20775 W American Ave, Hilmar 2024 Dairy AR.pdf",0
rancho_cordova,generic_r5,5241 W Sandy Mush Rd Merced 2024 Dairy AR.pdf,0
rancho_cordova,generic_r5,7801 Carpenter Rd Modesto 2024 Dairy AR.pdf,0
rancho_cordova,generic_r5,"23546 W. American Ave, Hilmar 2024 Dairy AR.pdf",7
rancho_cordova,generic_r5,23125 E Lone Tree Rd Escalon 2024 Dairy AR.pdf,0
rancho_cordova,generic_r5,"4971 Van Clief Rd, Stevinson 2024 Dairy AR.pdf",0
rancho_cordova,generic_r5,1550 W Rahilly Rd Merced 2024 Dairy AR.pdf,0
rancho_cordova,generic_r5,2720 Kenney Ave Winton 2024 Dairy AR.pdf,1
rancho_cordova,generic_r5,"22682 W. Williams Ave, Hilmar 2024 Dairy AR.pdf",2
rancho_cordova,generic_r5,1025 E Armstrong Rd Lodi 2024 Dairy AR.pdf,0
rancho_cordova,generic_r5,1581 E Roosevelt Rd El Nido 2024 Dairy AR.pdf,1
rancho_cordova,generic_r5,"2613 S Mitchell Rd, Turlock 2024 Dairy AR.pdf",2
rancho_cordova,generic_r5,6480 W Bailey Rd Atwater 2024 Dairy AR.pdf,4
rancho_cordova,generic_r5,21768 E Lone Tree Rd Escalon 2024 Dairy AR.pdf,0
rancho_cordova,generic_r5,13436 N Thornton Rd Lodi 2024 Dairy AR.pdf,1
rancho_cordova,generic_r5,10213 W Main St Turlock 2024 Dairy AR.pdf,9
rancho_cordova,generic_r5,2222 S Healy Rd Merced 2024 Dairy AR.pdf,0
rancho_cordova,generic_r5,10043 Milnes Rd Modesto 2024 Dairy AR.pdf,0
rancho_cordova,generic_r5,21268 E Avena Rd Escalon 2024 Dairy AR.pdf,0
rancho_cordova,generic_r5,4125 Bentley Rd Oakdale 2024 Dairy AR.pdf,2
rancho_cordova,generic_r5,5496 W Ripon Rd Manteca 2024 Dairy AR.pdf,0
rancho_cordova,generic_r5,6025 Hultberg Rd Turlock 2024 Dairy AR.pdf,5
rancho_cordova,generic_r5,22884 W Ingomar Grade Rd Los Banos 2024 Dairy AR.pdf,0
rancho_cordova,generic_r5,"19481 Geer Ave, Hilmar 2024 Dairy AR.pdf",0
rancho_cordova,generic_r5,3107 Illinois Ave Modesto 2024 Dairy AR.pdf,0
rancho_cordova,generic_r5,"1431 N Central Ave, Turlock 2024 Dairy AR.pdf",21
rancho_cordova,generic_r5,6555 Blue Gum Rd Modeso 2024 Dairy AR.pdf,8
rancho_cordova,generic_r5,"3107 S Prairie Flower Rd, Turlock 2024 Dairy AR.pdf",11
rancho_cordova,generic_r5,7018 Vivian Rd Modesto 2024 Dairy AR.pdf,1
rancho_cordova,generic_r5,26250 Carter Rd Escalon 2024 Dairy AR.pdf,0
rancho_cordova,generic_r5,11737 Bluegum Rd Hickman 2024 Dairy AR.pdf,1
rancho_cordova,generic_r5,6610 E Collier Rd Acampo 2024 Dairy AR.pdf,1
rancho_cordova,generic_r5,"6041 Central Ave, Hilmar 2024 Dairy AR.pdf",1
rancho_cordova,generic_r5,20749 S Lammers Rd Tracy 2024 Dairy AR.pdf,1
rancho_cordova,generic_r5,20723 Geer Ave Hilmar 2024 Dairy AR.pdf,9
rancho_cordova,generic_r5,27181 E Carter Rd Escalon 2024 Dairy AR.pdf,1
rancho_cordova,generic_r5,19490 Draper Rd Cottonwood 2024 Dairy AR.pdf,0
rancho_cordova,generic_r5,13775 Murphy Rd Escalon 2024 Dairy AR.pdf,1
rancho_cordova,generic_r5,"6125 S Central Rd, Turlock 2024 Dairy AR.pdf",0
rancho_cordova,generic_r5,11375 Bruceville Rd Elk Grove 2024 Dairy AR.pdf,0
rancho_cordova,generic_r5,9863 S Van Allen Rd Stockton 2024 Dairy AR.pdf,1
rancho_cordova,generic_r5,8923 Bliss Rd Chowchilla 2024 Dairy AR.pdf,0
rancho_cordova,generic_r5,12739 Murphy Rd Escalon 2024 Dairy AR.pdf,1
rancho_cordova,generic_r5,"9375 N Washington Rd, Hilmar 2024 Dairy AR.pdf",2
rancho_cordova,generic_r5,26290 S Union Rd Manteca 2024 Dairy AR.pdf,3
rancho_cordova,generic_r5,"5725 Ehrlich Rd, Turlock 2024 Dairy AR.pdf",2
rancho_cordova,generic_r5,"21859 Crane Ave, Hilmar 2024 Dairy AR.pdf",13
rancho_cordova,generic_r5,"21810 W August Ave, Hilmar 2024 Dairy AR.pdf",0
rancho_cordova,generic_r5,4836 N Quincy Rd Denair 2024 Dairy AR.pdf,0
rancho_cordova,generic_r5,26857 Ritz Rd Acampo 2025 Dairy AR.pdf,0
rancho_cordova,generic_r5,28399 Husman Rd Gustine 2024 Dairy AR.pdf,0
rancho_cordova,generic_r5,2618 S Hwy 59 Hwy Merced 2024 Dairy AR.pdf,0
rancho_cordova,generic_r5,1018 Hickman Rd Turlock 2024 Dairy AR.pdf,1
rancho_cordova,generic_r5,26135 W Malta Rd Gustine 2024 Dairy AR.pdf,1
rancho_cordova,generic_r5,23844 E Dodds Rd Escalon 2024 Dairy AR.pdf,0
rancho_cordova,generic_r5,"22245 August Ave, Hilmar 2024 Dairy AR.pdf",0
rancho_cordova,generic_r5,1142 N Hart Rd Modesto 2024 Dairy AR.pdf,3
rancho_cordova,generic_r5,5931 W Tuolumne Rd Ceres 2024 Dairy AR.pdf,7
rancho_cordova,generic_r5,6042 California Ave Modesto 2024 Dairy AR.pdf,0
rancho_cordova,generic_r5,"25762 Turner Ave, Hilmar 2024 Dairy AR.pdf",1
rancho_cordova,generic_r5,"1730 S. Healy Rd, Merced 2024 Dairy AR.pdf",2
rancho_cordova,generic_r5,3230 Vivian Rd Modesto 2024 Dairy AR.pdf,0
rancho_cordova,generic_r5,505 E Washington Rd El Nido 2024 Dairy AR.pdf,9
rancho_cordova,generic_r5,5217 Oak Ave Merced 2024 Dairy AR.pdf,3
rancho_cordova,generic_r5,4820 E Perrin Rd Manteca 2024 Dairy AR.pdf,1
rancho_cordova,generic_r5,1369 S Hunt Rd Gustine 2024 Dairy AR.pdf,0
rancho_cordova,generic_r5,238 S Buhach Rd Merced 2024 Dairy AR.pdf,0
rancho_cordova,generic_r5,27527 S Airport Way Manteca 2024 Dairy AR.pdf,0
rancho_cordova,generic_r5,"9579 Hultberg Rd, Hilmar 2024 Dairy AR.pdf",0
rancho_cordova,generic_r5,13699 S Cherokee Rd Gustine 2024 Dairy AR.pdf,0
rancho_cordova,generic_r5,"20445 August Ave, Hilmar 2024 Dairy AR.pdf",7
rancho_cordova,generic_r5,10090 Kost Rd Galt 2024 Dairy AR.pdf,0
rancho_cordova,generic_r5,1054 Lundy Rd Newman 2024 Dairy AR.pdf,0
rancho_cordova,generic_r5,11140 S Ivy Ave Chowchilla 2024 Dairy AR.pdf,0
rancho_cordova,generic_r5,23800 Jack Tone Rd Acampo 2024 Dairy AR.pdf,0
rancho_cordova,generic_r5,"6071 Larson Ave, Hilmar 2024 Dairy AR.pdf",4
rancho_cordova,generic_r5,"3100 S. Prairie Flower Rd, Turlock 2024 Dairy AR.pdf",0
rancho_cordova,generic_r5,5944 County Rd 17 Orland 2024 Dairy AR.PDF,0
rancho_cordova,generic_r5,11706 E Keyes Rd Denair 2024 Dairy AR.pdf,0
rancho_cordova,generic_r5,26222 N Elliott Rd Galt 2024 Dairy AR.pdf,2
rancho_cordova,generic_r5,"3031 N Washington Rd, Turlock 2024 Dairy AR.pdf",0
rancho_cordova,generic_r5,22426 E Monte Vista Ave Denair 2024 Dairy AR.pdf,3
rancho_cordova,generic_r5,"18451 W Bradbury Rd, Turlock 2024 Dairy AR.pdf",2
rancho_cordova,generic_r5,4206 Bentley Rd Oakdale 2024 Dairy AR.pdf,0
rancho_cordova,generic_r5,1933 Hall Rd Denair 2024 Dairy AR.pdf,9
rancho_cordova,generic_r5,11493 N Davis Rd Lodi 2024 Dairy AR.pdf,0
rancho_cordova,generic_r5,3510 W Sandy Mush Rd Merced 2024 Dairy AR.pdf,2
rancho_cordova,generic_r5,12636 W Main St Crows Landing 2024 Dairy AR.pdf,0
rancho_cordova,generic_r5,1685 Dunn Rd Modesto 2024 Dairy AR.pdf,0
rancho_cordova,generic_r5,14018 Crows Landing Rd Crows Landing 2024 Dairy AR.pdf,0
rancho_cordova,generic_r5,10860 S Ingomar Grade Rd Gustine 2024 Dairy AR.pdf,0
rancho_cordova,generic_r5,"25511 American Ave, Hilmar 2024 Dairy AR.pdf",0
rancho_cordova,generic_r5,10408 S Van Allen Rd Stockton 2024 Dairy AR.pdf,1
rancho_cordova,generic_r5,"6325 West main St, Turlock 2024 Dairy AR.pdf",2
rancho_cordova,generic_r5,10385 S Van Allen Rd 2024 Dairy AR.pdf,0
rancho_cordova,generic_r5,5148 W Grayson Rd Modesto 2024 Dairy AR.pdf,0
rancho_cordova,generic_r5,2630 County Rd T Glenn 2024 Dairy AR.pdf,0
rancho_cordova,generic_r5,18700 S Bacchetti Rd Tracy 2024 Dairy AR.pdf,0
rancho_cordova,generic_r5,15453 E Monte Vista Rd Denair 2024 Dairy AR.pdf,0
rancho_cordova,generic_r5,1236 E Taylor Rd Ceres 2024 Dairy AR.pdf,0
rancho_cordova,generic_r5,11586 N Shaffer Rd Winton 2024 Dairy AR.pdf,0
rancho_cordova,generic_r5,11450 Carroll Rd Elk Grove 2024 Dairy AR.pdf,2
rancho_cordova,generic_r5,8505 E Collier Rd Acampo 2024 Dairy AR.pdf,0
rancho_cordova,generic_r5,5306 Langworth Rd Oakdale 2024 Dairy AR.pdf,1
rancho_cordova,generic_r5,"5608 S Morgan Rd, Turlock 2024 Dairy AR.pdf",0
rancho_cordova,generic_r5,8342 Maze Blvd Modesto 2024 Dairy AR.pdf,0
rancho_cordova,generic_r5,485 Capay Rd Orland 2024 Dairy AR.PDF,0
rancho_cordova,generic_r5,11685 E Mariposa Rd Stockton 2024 Dairy AR.pdf,0
rancho_cordova,generic_r5,"24507 W. First St, Stevinson 2024 Dairy AR.pdf",0
rancho_cordova,generic_r5,9161 Warnerville Rd Oakdale 2024 Dairy AR.pdf,1
rancho_cordova,generic_r5,8331 Central Ave Ceres 2024 Dairy AR.pdf,1
rancho_cordova,generic_r5,5943 County Rd 17 Orland 2024 Dairy AR.PDF,0
rancho_cordova,generic_r5,26298 Groves Rd Farmington 2024 Dairy AR.pdf,1
rancho_cordova,generic_r5,14691 S Brennan Rd Escalon 2024 Dairy AR.pdf,1
rancho_cordova,generic_r5,10511 Ingomar Grade Road Gustine 2024 Dairy AR.pdf,0
rancho_cordova,generic_r5,10218 Fulkerth Rd Ceres 2024 Dairy AR.pdf,2
rancho_cordova,generic_r5,3301 Ladd Rd Modesto 2024 Dairy AR.pdf,0
rancho_cordova,generic_r5,7713 Maze Blvd Modesto 2024 Dairy AR.pdf,0
rancho_cordova,generic_r5,3030 S Central Ave Turlock 2024 Dairy AR.pdf,0
rancho_cordova,generic_r5,11735 Carroll Rd Elk Grove 2024 Dairy AR.pdf,1
rancho_cordova,generic_r5,6259 County Rd 25 Orland 2024 Dairy AR.pdf,0
rancho_cordova,generic_r5,10986 Livingston-Cressey Rd Livingston 2024 Dairy AR.pdf,0
rancho_cordova,generic_r5,28336 W Bambauer Rd Gustine 2024 Dairy AR.pdf,0
rancho_cordova,generic_r5,609 Santa Fe Grade Rd Newman 2024 Dairy AR.pdf,0
rancho_cordova,generic_r5,6756 County Rd 30 Orland 2024 Dairy AR.pdf,6
rancho_cordova,generic_r5,15775 S Indiana Ave Dos Palos 2024 Dairy AR.pdf,2
rancho_cordova,generic_r5,6800 E Ave Ballico 2024 Dairy AR.pdf,0
rancho_cordova,generic_r5,337 N Gates Rd MOdesto 2024 Dairy AR.pdf,4
rancho_cordova,generic_r5,100 S Quinley Ave Merced 2024 Dairy AR.pdf,1
rancho_cordova,generic_r5,2163 Rahilly Rd Merced 2024 Dairy AR.pdf,0
rancho_cordova,generic_r5,8632 W Meandow Dr Winton 2024 Dairy AR.pdf,4
rancho_cordova,generic_r5,10715 Arno Rd Galt 2024 Dairy AR.pdf,2
rancho_cordova,generic_r5,"20755 W River Rd, Stevinson 2024 Dairy AR.pdf",0
rancho_cordova,generic_r5,227 W El Nido Rd El Nido 2024 Dairy AR.pdf,2
rancho_cordova,generic_r5,7509 Oakdale Rd Snelling 2024 dairy AR.pdf,11
rancho_cordova,generic_r5,22270 Bloss Ave Hilmar 2024 Dairy AR.pdf,22
rancho_cordova,generic_r5,"1000 N Mitchell Rd, Turlock 2024 Dairy AR.pdf",2
rancho_cordova,generic_r5,8940 E Melton Rd Manteca 2024 Dairy AR.pdf,0
rancho_cordova,generic_r5,2248 W Service Rd Modesto 2024 Dairy AR.pdf,1
rancho_cordova,generic_r5,19116 Lone Tree Rd Escalon 2024 Dairy AR.pdf,9
rancho_cordova,generic_r5,"501 S Story Rd, Turlock 2024 Dairy AR.pdf",10
rancho_cordova,generic_r5,8201 Mitchell Rd Ceres 2024 Dairy AR.pdf,1
rancho_cordova,generic_r5,5817 E Worden Ave Merced 2024 Dairy AR.pdf,5
rancho_cordova,generic_r5,"6275 Mitchell Rd, Hilmar 2024 Dairy AR.pdf",0
rancho_cordova,generic_r5,"9735 Washington Rd, Hilmar 2024 Dairy AR.pdf",1
rancho_cordova,generic_r5,16475 Brennan Rd Escalon 2024 Dairy AR.pdf,1
rancho_cordova,generic_r5,7084 County Rd 31 Orland 2024 Dairy AR.pdf,1
rancho_cordova,generic_r5,"20633 W. Crane Ave, Hilmar 2024 Dairy AR.pdf",0
rancho_cordova,generic_r5,26972 N Dustin Rd Acampo 2024 Dairy AR.pdf,3
rancho_cordova,generic_r5,16126 W Sunset Dr Livingston 2024 Dairy AR.pdf,0
rancho_cordova,generic_r5,27398 Dodds Rd Escalon 2024 Dairy AR.pdf,0
rancho_cordova,generic_r5,27815 E Dodds Rd Escalon 2024 Dairy AR.pdf,0
rancho_cordova,generic_r5,4740 County Rd QQ Orland 2024 Dairy AR.pdf,0
rancho_cordova,generic_r5,11823 Carroll Rd Elk Grove 2024 Dairy AR.pdf,0
rancho_cordova,generic_r5,311 Nicholas C Schouten Ln Chico 2024 Dairy AR.PDF,0
rancho_cordova,generic_r5,7831 Capay Ave Orland 2024 Dairy AR.PDF,0
rancho_cordova,generic_r5,730 W Monte Vista Ave Ceres 2024 Dairy AR.pdf,0
rancho_cordova,generic_r5,"7965 Washington Rd, Hilmar 2024 Dairy AR.PDF",0
rancho_cordova,generic_r5,"19104 Crane Ave, Hilmar 2024 Dairy AR.pdf",1
rancho_cordova,generic_r5,"20717 Bloss Ave, Hilmar 2024 Dairy AR.pdf",0
rancho_cordova,generic_r5,"23204 Bloss Ave, Hilmar 2024 Dairy AR.pdf",0
rancho_cordova,generic_r5,24323 E Skiff Rd Escalon 2024 Dairy AR.pdf,0
rancho_cordova,generic_r5,7329 County Rd 16 Orland 2024 Dairy AR.pdf,0
rancho_cordova,generic_r5,"7025 W. Central Ave, Turlock 2024 Dairy AR.pdf",8
rancho_cordova,generic_r5,600 Roberts Ferry Rd Waterford 2024 Dairy AR.pdf,0
rancho_cordova,generic_r5,6335 W Oakdale Rd Winton 2024 Dairy AR.pdf,0
rancho_cordova,generic_r5,11443 Crows Landing Rd Crows Landing 2024 Dairy AR.pdf,0
rancho_cordova,generic_r5,3754 Virginia Rd Wheatland 2024 Dairy AR.PDF,0
rancho_cordova,generic_r5,8600 Dos Rios Ln Modesto 2024 Dairy AR.pdf,1
rancho_cordova,generic_r5,15420 E Hwy 4 Stockton 2024 Dairy AR.pdf,0
rancho_cordova,generic_r5,508 W Roosevelt Rd El Nido 2024 Dairy AR.pdf,2
rancho_cordova,generic_r5,3250 Santa Fe Ave Modesto 2024 Dairy AR.pdf,1
rancho_cordova,generic_r5,6930 Paradise Rd Modesto 2024 Dairy AR.pdf,4
rancho_cordova,generic_r5,4500 Albers Rd Oakdale 2024 Dairy AR.pdf,0
rancho_cordova,generic_r5,2743 Baker Rd Modesto 2024 Dairy AR.pdf,3
rancho_cordova,generic_r5,24065 E Arthur Rd Escalon 2024 Dairy AR.pdf,1
rancho_cordova,generic_r5,15836 Steingul Rd Escalon 2024 Dairy AR.pdf,1
rancho_cordova,generic_r5,9390 Harvey Rd Galt 2024 Dairy AR.pdf,1
rancho_cordova,generic_r5,5712 N Hickman Rd Denair 2024 Dairy AR.pdf,0
rancho_cordova,generic_r5,22922 Kilburn Rd Crows Landing 2024 Dairy AR.pdf,5
rancho_cordova,generic_r5,3655 Gates Rd Modesto 2024 Dairy AR.pdf,0
rancho_cordova,generic_r5,"18005 Williams Road, Hilmar 2024 Dairy AR.pdf",0
rancho_cordova,generic_r5,13310 W Eagle Field Rd Firebaugh 2024 Dairy AR.pdf,0
rancho_cordova,generic_r5,"6006 S. Central Ave, Turlock 2024 Dairy AR.pdf",0
rancho_cordova,generic_r5,"5638 Columbus Ave, Hilmar 2024 Dairy AR.pdf",23
rancho_cordova,generic_r5,"21670 W Bloss Ave, Hilmar 2024 Dairy AR.pdf",16
rancho_cordova,generic_r5,20000 Cedar Ave Tracy 2024 Dairy AR.pdf,3
rancho_cordova,generic_r5,"22846 Second Ave, Stevinson 2024 Dairy AR.pdf",1
rancho_cordova,generic_r5,10300 Dillard Rd Wilton 2024 Dairy AR.pdf,0
rancho_cordova,generic_r5,"12801 W Bradbury Rd, Turlock 2024 Dairy AR.pdf",0
rancho_cordova,generic_r5,2510 W Turlock Rd Snelling 2024 Dairy AR.pdf,1
rancho_cordova,generic_r5,23234 Lone Tree Rd Escalon 2024 Dairy AR.pdf,1
rancho_cordova,generic_r5,13039 Pellandini Rd Galt 2024 Dairy AR.pdf,1
rancho_cordova,generic_r5,4501 Virginia Rd Marysville 2024 Dairy AR.PDF,0
rancho_cordova,generic_r5,825 Ruble Rd Crows Landing 2024 Dairy AR.PDF,0
rancho_cordova,generic_r5,26805 Dodds Rd Escalon 2024 Dairy AR.pdf,0
rancho_cordova,generic_r5,15355 S Van Allen Rd Escalon 2024 Dairy AR.pdf,1
rancho_cordova,generic_r5,19325 E Lone Tree Rd Escalon 2024 Dairy AR.pdf,1
rancho_cordova,generic_r5,14877 Cox Ferry Rd Snelling 2024 Dairy AR.pdf,0
rancho_cordova,generic_r5,1713 W Fulkerth Rd Crows Landing 2024 Dairy AR.pdf,0
rancho_cordova,generic_r5,"21189 American Ave, Hilmar 2024 Dairy AR.pdf",0
rancho_cordova,generic_r5,25719 Hale Rd Newman 2024 Dairy AR.pdf,0
rancho_cordova,generic_r5,22176 Skiff Rd Escalon 2024 Dairy AR.pdf,1
rancho_cordova,generic_r5,401 W Armstrong Rd Lodi 2024 Dairy AR.pdf,0
rancho_cordova,generic_r5,5001 Shiloh Rd Modesto 2024 Dairy AR.pdf,1
rancho_cordova,generic_r5,"21480 August Ave, Hilmar 2024 Dairy AR.pdf",4
rancho_cordova,generic_r5,6401 E Taylor Rd Denair 2024 Dairy AR.pdf,0
rancho_cordova,generic_r5,"3887 McCullagh Rd, Stevinson 2024 Dairy AR.pdf",0
rancho_cordova,generic_r5,1100 Ruble Rd Crows Landing 2024 Dairy AR.pdf,2
rancho_cordova,generic_r5,921 W Sandy Mush Rd Merced 2024 Dairy AR.pdf,7
rancho_cordova,generic_r5,3928 W Linwood Turlock 2024 Dairy AR.pdf,1
rancho_cordova,generic_r5,"12464 S Vincent Rd, Turlock 2024 Dairy AR.pdf",0
rancho_cordova,generic_r5,5843 N Utah Rd Merced 2024 Dairy AR.pdf,0
rancho_cordova,generic_r5,2207 Roberts Rd Ceres 2024 Dairy AR.pdf,2
rancho_cordova,generic_r5,1622 Kniebes Rd Gustine 2024 Dairy AR.pdf,1
rancho_cordova,generic_r5,1001 W Monte Vista Rd Ceres 2024 Dairy AR.pdf,0
rancho_cordova,generic_r5,24268 E Mariposa Rd Escalon 2024 Dairy AR.pdf,0
rancho_cordova,generic_r5,29770 E Hwy 4 Farmington 2024 Dairy AR.pdf,1
rancho_cordova,generic_r5,6025 S Central Ave Turlock 2024 Dairy AR.pdf,0
rancho_cordova,generic_r5,16996 Sexton Rd Escalon 2024 Dairy AR.pdf,0
rancho_cordova,generic_r5,10235 W El Capitan Way Ballico 2024 Dairy AR.pdf,0
rancho_cordova,generic_r5,724 Ruble Rd Crows Landing 2024 Dairy AR.pdf,26
rancho_cordova,generic_r5,348 E Monte Vista Rd Ceres 2024 Dairy AR.pdf,3
rancho_cordova,generic_r5,1980 County Rd QQ Willows 2024 Dairy AR.pdf,0
rancho_cordova,generic_r5,4628 County Rd P Orland 2024 Dairy AR.pdf,0
rancho_cordova,generic_r5,9848 Milnes Rd Modesto 2024 Dairy AR.pdf,0
rancho_cordova,generic_r5,"1511 Van Clief Rd, Stevinson 2024 Dairy AR.pdf",0
rancho_cordova,generic_r5,843 Helena Ave Waterford 2024 Dairy AR.pdf,0
rancho_cordova,generic_r5,"2800 White Rd, Turlock 2024 Dairy AR.pdf",1
rancho_cordova,generic_r5,25834 Kasson Rd Tracy 2024 Dairy AR.pdf,0
rancho_cordova,generic_r5,24586 E Lone Tree Rd Escalon 2024 Dairy AR.pdf,2
rancho_cordova,generic_r5,11910 Bruceville Rd Elk Grove 2024 Dairy AR.pdf,1
rancho_cordova,generic_r5,20250 E Avena Rd Escalon 2024 Dairy AR.pdf,0
rancho_cordova,generic_r5,1015 W 5th Ave Orland 2024 Dairy AR.PDF,0
rancho_cordova,generic_r5,"201 Dairy Rd, Davis 2024 Dairy AR.pdf",1
rancho_cordova,generic_r5,31503 County Rd 26 Woodland 2024 Dairy AR.pdf,0
rancho_cordova,generic_r5,6624 Crane Rd Oakdale 2024 Dairy AR.pdf,1
rancho_cordova,generic_r5,5601 Escalon-Bellota Rd Farmington 2024 Dairy AR.pdf,0
rancho_cordova,generic_r5,8413 Faith Home Rd Ceres 2024 Dairy AR.pdf,0
rancho_cordova,generic_r5,11391 Franklin Blvd Elk Grove 2024 Dairy AR.pdf,0
rancho_cordova,generic_r5,"1131 Story Rd, Turlock 2024 Dairy AR.pdf",1
rancho_cordova,full_coverage,8207 Crows Landing Road 2024 Bovine AR.PDF,0
rancho_cordova,full_coverage,10837 Franklin Blvd Elk Grove 2024 Dairy AR.PDF,0
rancho_cordova,ghd,10561 West Hwy 140 Atwater 2024 Dairy AR .PDF,0
rancho_cordova,ghd,24916 S Manteca Rd Manteca 2024 Dairy AR.pdf,0
rancho_cordova,ghd,4715 County Rd N Rd Orland 2024 Dairy AR.PDF,1
rancho_cordova,dellaville,11159 West Peach Street Livingston 2024 Dairy AR.pdf,2
rancho_cordova,vestra,7755 Midway Rd Dixon 2024 Dairy AR.pdf,4
rancho_cordova,vestra,3355 Virginia Rd Wheatland 2024 Dairy AR.PDF,11
