Origin Dairy Name,Origin Dairy Address,Hauler Name,Hauler Address,Destination Name,Destination Address,Destination Type,Destination Assessor Parcel Number,Haul Date,Wastewater Haul Type,Total Process Wastewater Exports (Gallons),Method Used to Determine Wastewater Volume,Manure Haul Type,Total Manure Amount (tons),Method Used to Determine Manure Volume,Source PDF,Manifest Number
,"10221 Ave 21 1/2, Madera, CA 93610",,93610,,"10221 Ave 21 1/2, Madera, 93610",/ Broker / Farmer / Other (identify):,,,,"3,030,000",hrs pumped X gpm,,,,2024AR_Silveira Dairy_11277 Ave 21.5_Madera,1
,"10221 Ave 21 1/2, Madera, CA 93610",,93610,,"10221 Ave 21 1/2, Madera, 93610",/ Broker / Farmer / Other (identify):,,,,"3,600,000",hrs pumped X gpm,,,,2024AR_Silveira Dairy_11277 Ave 21.5_Madera,2
,"10221 Ave 21 1/2, Madera, CA 93610",,93610,,"10221 Ave 21 1/2, Madera, 93610",/ Broker / Farmer / Other (identify):,,,,"3,960,000",hrs pumped X gpm,,,,2024AR_Silveira Dairy_11277 Ave 21.5_Madera,3
,"10221 Ave 21 1/2, Madera, CA 93610",,93610,,"10221 Ave 21 1/2, Madera, 93610",/ Broker / Farmer / Other (identify):,,,,"3,720,000",hrs pumped X gpm,,,,2024AR_Silveira Dairy_11277 Ave 21.5_Madera,4
,"10221 Ave 21 1/2, Madera, CA 93610",,93610,,"10221 Ave 21 1/2, Madera, 93610",/ Broker / Farmer / Other (identify):,,,,"2,520,000",hrs pumped X gpm,,,,2024AR_Silveira Dairy_11277 Ave 21.5_Madera,5
,"4109 E conejg AVE, Fresno, 93662",,"12137 S Hughes Ave, Fresno, CA 93609",,"Fresno, CA 93609",,,,,,,,"2,800.00",,2024AR_Golden Star Dairy_4109 E Conejo Ave_Fresno,1
,"6465 State Hwy, Merced, CA 93620",,93620,,"6465 State Hwy, Merced, 93620",/ Broker / Farmer / Other (identify):,,,,,,,,,"2024AR_Philip Verwey Dairy, Inc._12852 Road 9_Madera",1
,"6465 State Hwy, Merced, CA 93620",,93620,,"6465 State Hwy, Merced, 93620",/ Broker / Farmer / Other (identify):,,,,,,,,,"2024AR_Philip Verwey Dairy, Inc._12852 Road 9_Madera",2
,"6465 State Hwy, Merced, CA 93620",,93620,,"6465 State Hwy, Merced, 93620",/ Broker / Farmer / Other (identify):,,,,,,,,,"2024AR_Philip Verwey Dairy, Inc._12852 Road 9_Madera",3
,"21622 CedarAvenue, Fresno, CA 93656",,/Person,,,/ Broker / Farmer i Other (identify)i Broker,,,,,,,Weighted Average,,2024AR_Cedar Avenue Feedlot_21622 S Cedar Ave_Fresno,1
Cedar Avenue Feedlot,"21622 CedarAvenue, Fresno, 93242",,CA,,"Fresno, 93656",/ Broker / Farmer / Other (identify): Broker,,,,,,,600.00,,2024AR_Cedar Avenue Feedlot_21622 S Cedar Ave_Fresno,2
,"7792 Nickle RD, Merced, CA 93620",,93637,,"7792 Nickle RD, Merced, 93620",/ Broker / Farmer / Other (identify):,,,,,,,"2,015.00",,2024AR_TRI-Iest Dairy_16500 Ave 14_Madera,1
,"7792 Nickle RD, Merced, CA 93620",,93637,,"7792 Nickle RD, Merced, 93620",/ Broker / Farmer / Other (identify):,,,,,,,"6,011.00",,2024AR_TRI-Iest Dairy_16500 Ave 14_Madera,2
,"7792 Nickle RD, Merced, CA 93620",,93637,,"7792 Nickle RD, Merced, 93620",/ Broker / Farmer / Other (identify):,,,,,,,"2,474.00",,2024AR_TRI-Iest Dairy_16500 Ave 14_Madera,3
,"40396 W. Valeria Avenue, Fresno, CA 93620",,93620,,"Fresno, 93620",/ Broker / Farmer / Other (identify):,,,,,,,735.00,,2024AR_Rivas Dairy_41198 W Valeria Ave_Fresno,1
,"40396 W. Valeria Avenue, Fresno, CA 93620",,93620,,"Fresno, 93620",/ Broker / Farmer / Other (identify):,,,,,,,880.00,,2024AR_Rivas Dairy_41198 W Valeria Ave_Fresno,2
,"16800 Road 15, Madera, CA 93637",,95388,,"16800 Road 15, Madera, 93637",/ Broker / Farmer / Other (identify):,,,,,,,"8,028.00",,2024AR_Costa View Farms Dairy #2_16800 Road 15_Madera,1
,"18919 Avenue 23, Madera, CA 93610",,93610,,"Madera, 93610",/ Broker / Farmer / Other (identify):,,,,,,,"4,150.00",,2024AR_LaSalle Dairy_10663 7.5 Ave_Madera,1
,"13265 W. Jensen Avenue, Fresno, CA 93706",,93630,,"Fresno, 93706",/ Broker / Farmer / Other (identify):,,,,,,,"2,452.00",,2024AR_G & A Dairy #2_6043 S Madera Ave_Fresno,1
,"9256 S. Valentine Avenue, Fresno, CA 93706",,93706,,"Fresno, 93706",/ Broker / Farmer / Other (identify):,,,,"6,300,021",Run-times multiplied by the GPM of the lagoon pump.,,,,2024AR_G & A Dairy #2_6043 S Madera Ave_Fresno,2
,"9256 S. Valentine Avenue, Fresno, CA 93706",,93706,,"Fresno, 93706",/ Broker / Farmer / Other (identify):,,,,"4,921,891",Run-times multiplied by the GPM of the lagoon pump.,,,,2024AR_G & A Dairy #2_6043 S Madera Ave_Fresno,3
,"9256 S. Valentine Avenue, Fresno, CA 93706",,93706,,"Fresno, 93706",/ Broker / Farmer / Other (identify):,,,,"2,953,135",Run-times multiplied by the GPM of the lagoon pump.,,,,2024AR_G & A Dairy #2_6043 S Madera Ave_Fresno,4
,"10044 Flint Avenue, Hanford, CA 93230",,93230,,"Hanford, 93230",/ Broker / Farmer / Other (identify):,,,,,,,"2,140.00",,2024AR_G & A Dairy #2_6043 S Madera Ave_Fresno,5
,"9256 S. Valentine Avenue, Fresno, CA 93706",,93706,,"Fresno, 93706",/ Broker / Farmer / Other (identify):,,,,"600,000",Run-times multiplied by the GPM of the lagoon pump.,,,,2024AR_G & A Dairy #2_6043 S Madera Ave_Fresno,6
,"9256 S. Valentine Avenue, Fresno, CA 93706",,93706,,"Fresno, 93706",/ Broker / Farmer / Other (identify):,,,,"5,512,518",Run-times multiplied by the GPM of the lagoon pump.,,,,2024AR_G & A Dairy #2_6043 S Madera Ave_Fresno,7
,"7792 Nickle RD, Merced, CA 93620",,93637,,"7792 Nickle RD, Merced, 93620",/ Broker / Farmer / Other (identify):,,,,,,,750.00,,2024AR_South Iest Dairy (former Milk Time Dairy)_12519 Road 16_Madera,1
,"7792 Nickle RD, Merced, CA 93620",,93637,,"7792 Nickle RD, Merced, 93620",/ Broker / Farmer / Other (identify):,,,,,,,"1,865.00",,2024AR_South Iest Dairy (former Milk Time Dairy)_12519 Road 16_Madera,2
,"7792 Nickle RD, Merced, CA 93620",,93637,,"7792 Nickle RD, Merced, 93620",/ Broker / Farmer / Other (identify):,,,,,,,734.00,,2024AR_South Iest Dairy (former Milk Time Dairy)_12519 Road 16_Madera,3
,;,,"133265 W. Kamm AVE, Kerman, CA 93656",,"Fresno, 93656",/ Broker / Farmer / Other (identify): Broker,,,,,,,"2,200.00",,2024AR_Kerman Cattle Company_4301 S Dickenson Ave_Fresno,1
Joe R Garcia Dairy AKA Netto Enterprise,"20677 S East AVE, Fresno, 93242",,/Person,,"Hanford, 93230",/ Broker / Farmer / Other (identify): Broker,;,,,,,,"1,500.00",,2024AR_Joe R. Garcia Dairy_20677 East Ave_Fresno,1
,"1275 North Avenue, Merced, CA 95322",,95322,,"1275 North Avenue, Merced, 95322",/ Broker / Farmer / Other (identify):,,,,,,,"1,800.00",,2024AR_Banos Dairy_4667 Ave 23.5_Madera,1
,"1275 North Avenue, Merced, CA 95322",,95322,,"1275 North Avenue, Merced, 95322",/ Broker / Farmer / Other (identify):,,,,,,,"2,100.00",,2024AR_Banos Dairy_4667 Ave 23.5_Madera,2
,"17076 Cotton Gin RD, Merced, CA 93635",,93610,,"17076 Cotton Gin RD, Merced, 93635",/ Broker / Farmer / Other (identify):,,,,,,,519.59,,2024AR_Troost Dairy_27000 Road _Madera,1
,"20177 S MacAurthur DR, Tracy, CA 95304",,93610,,"20177 S MacAurthur DR, Tracy, 95304",/ Broker / Farmer / Other (identify):,,,,,,,"1,304.28",,2024AR_Troost Dairy_27000 Road _Madera,2
,"20177 S MacAurthur DR, Tracy, CA 95304",,93610,,"20177 S MacAurthur DR, Tracy, 95304",/ Broker / Farmer / Other (identify):,,,,,,,554.04,,2024AR_Troost Dairy_27000 Road _Madera,3
,"2480 S Burchell AVE, Merced, CA 95333",,93610,,"2480 S Burchell AVE, Merced, 95333",/ Broker / Farmer / Other (identify):,,,,,,,160.97,,2024AR_Troost Dairy_27000 Road _Madera,4
,"20177 S MacAurthur DR, Tracy, CA 95304",,93610,,"20177 S MacAurthur DR, Tracy, 95304",/ Broker / Farmer / Other (identify):,,,,,,,884.57,,2024AR_Troost Dairy_27000 Road _Madera,5
,"3564 W. Clayton Street, Fresno, CA 93706",,93706,,"Fresno, 93706",/ Broker / Farmer / Other (identify):,,,,"1,423,800",Runtime multiplied by the gallons per minute.,,,,2024AR_Frea Dairy LLC_6205 S Brawley Ave_Fresno,1
,"9685 S. Hughes Avenue, Fresno, CA 93706",,93725,,"Fresno, 93706",/ Broker / Farmer / Other (identify):,,,,,,,770.00,,2024AR_Frea Dairy LLC_6205 S Brawley Ave_Fresno,2
,"9685 S. Hughes Avenue, Fresno, CA 93706",,93725,,"Fresno, 93706",/ Broker / Farmer / Other (identify):,,,,,,,462.00,,2024AR_Frea Dairy LLC_6205 S Brawley Ave_Fresno,3
,"9685 S. Hughes Avenue, Fresno, CA 93706",,93725,,"Fresno, 93706",/ Broker / Farmer / Other (identify):,,,,,,,770.00,,2024AR_Frea Dairy LLC_6205 S Brawley Ave_Fresno,4
,"3564 W. Clayton Street, Fresno, CA 93706",,93706,,"Fresno, 93706",/ Broker / Farmer / Other (identify):,,,,"600,000",Tank capacity multiplied by the number of tanks applied,,,,2024AR_Frea Dairy LLC_6205 S Brawley Ave_Fresno,5
,"3564 W. Clayton Street, Fresno, CA 93706",,93706,,"Fresno, 93706",/ Broker / Farmer / Other (identify):,,,,"762,300",Runtime multiplied by the gallons per minute.,,,,2024AR_Frea Dairy LLC_6205 S Brawley Ave_Fresno,6
,"9685 S. Hughes Avenue, Fresno, CA 93706",,93725,,"Fresno, 93706",/ Broker / Farmer / Other (identify):,,,,,,,"3,483.00",,2024AR_Frea Dairy LLC_6205 S Brawley Ave_Fresno,7
,"3564 W. Clayton Street, Fresno, CA 93706",,93706,,"Fresno, 93706",/ Broker / Farmer / Other (identify):,,,,"1,272,600",Runtime multiplied by the gallons per minute.,,,,2024AR_Frea Dairy LLC_6205 S Brawley Ave_Fresno,8
,"3564 W. Clayton Street, Fresno, CA 93706",,93706,,"Fresno, 93706",/ Broker / Farmer / Other (identify):,,,,"1,627,200",Runtime multiplied by the gallons per minute.,,,,2024AR_Frea Dairy LLC_6205 S Brawley Ave_Fresno,9
J&D Wilson & Sons Dairy,,,/Person,,"Fresno, CA 93656",/ Broker / Farmer / Other (identify): Broker,County,,,,,,Weighted Average,,2024AR_J & D Wilson & Sons Dairy_11720 W Mt Whitney Ave_Fresno,1
,"11720 W Mt. Whitney AVE, Fresno, 93656",,/Person,,93656,,,,,,,,6 500.00,,2024AR_J & D Wilson & Sons Dairy_11720 W Mt Whitney Ave_Fresno,2
,"11751 W. Jensen Ave, Fresno, CA 93630",,93630,,"11751 W. Jensen Ave, Fresno, 93630",/ Broker / Farmer / Other (identify):,,,,,,,,,2024AR_Souza_s Dairy_8555 S Valentine Ave_Fresno,1
,"11751 W. Jensen Ave, Fresno, CA 93630",,93630,,"11751 W. Jensen Ave, Fresno, 93630",/ Broker / Farmer / Other (identify):,,,,,,,,,2024AR_Souza_s Dairy_8555 S Valentine Ave_Fresno,2
,"12911 S Fruit Ave., Fresno, CA 93630",,93630,,"Fresno, 93630",/ Broker / Farmer / Other (identify):,,,,,,,,,2024AR_Souza_s Dairy_8555 S Valentine Ave_Fresno,3
,"11751 W. Jensen Ave, Fresno, CA 93630",,93630,,"11751 W. Jensen Ave, Fresno, 93630",/ Broker / Farmer / Other (identify):,,,,,,,,,2024AR_Souza_s Dairy_8555 S Valentine Ave_Fresno,4
,"11751 W. Jensen Ave, Fresno, CA 93630",,93630,,"11751 W. Jensen Ave, Fresno, 93630",/ Broker / Farmer / Other (identify):,,,,,,,,,2024AR_Souza_s Dairy_8555 S Valentine Ave_Fresno,5
,"7792 Nickle RD, Merced, CA 93620",,93637,,"7792 Nickle RD, Merced, 93620",/ Broker / Farmer / Other (identify):,,,,,,,"1,735.00",,2024AR_Iest Family Farms Dairy_14576 Ave 14_Madera,1
,"7792 Nickle RD, Merced, CA 93620",,93637,,"7792 Nickle RD, Merced, 93620",/ Broker / Farmer / Other (identify):,,,,,,,"3,313.00",,2024AR_Iest Family Farms Dairy_14576 Ave 14_Madera,2
,"7792 Nickle RD, Merced, CA 93620",,93637,,"7792 Nickle RD, Merced, 93620",/ Broker / Farmer / Other (identify):,,,,,,,"1,199.00",,2024AR_Iest Family Farms Dairy_14576 Ave 14_Madera,3
,"29808 Avenue 12, Madera, CA 93638",,93610,,"29808 Avenue 12, Madera, 93638",/ Broker / Farmer / Other (identify):,,,,"9,984,000",Pump rate (GPM) multiplied by run time.,,,,2024AR_Vlot Calf Ranch_20330 Road 4_Madera,1
,"29808 Avenue 12, Madera, CA 93638",,93610,,"29808 Avenue 12, Madera, 93638",/ Broker / Farmer / Other (identify):,,,,"10,000,000",Pump rate (GPM) multiplied by run time.,,,,2024AR_Vlot Calf Ranch_20330 Road 4_Madera,2
,"29808 Avenue 12, Madera, CA 93638",,93610,,"29808 Avenue 12, Madera, 93638",/ Broker / Farmer / Other (identify):,,,,"7,472,000",Pump rate (GPM) multiplied by run time.,,,,2024AR_Vlot Calf Ranch_20330 Road 4_Madera,3
,"18456 Road 1, Merced, CA 93620",,93610,,"18456 Road 1, Merced, 93620",/ Broker / Farmer / Other (identify):,,,,,,,"6,812.00",,2024AR_Vlot Calf Ranch_20330 Road 4_Madera,4
,"18456 Road 1, Merced, CA 93620",,93610,,"18456 Road 1, Merced, 93620",/ Broker / Farmer / Other (identify):,,,,,,,"4,316.40",,2024AR_Vlot Calf Ranch_20330 Road 4_Madera,5
,"3754 W Birch AVE, Fresno, CA 93711",,93711,,"3754 W Birch AVE, Fresno, 93711",/ Broker / Farmer / Other (identify):,,,,,,,"6,467.00",,2024AR_White River Dairy_20400 Ave 17.5_Madera,1
,"3754 W Birch AVE, Fresno, CA 93711",,93711,,"3754 W Birch AVE, Fresno, 93711",/ Broker / Farmer / Other (identify):,,,,,,,"2,155.52",,2024AR_White River Dairy_20400 Ave 17.5_Madera,2
,"11751 W. Jensen Avenue, Fresno, CA 93706",,93630,,"Fresno, 93706",/ Broker / Farmer / Other (identify):,,,,,,,"2,500.00",,2024AR_Big De Cattle Dairy_2947 W Manning Ave_Fresno,1
,"11751 W. Jensen Avenue, Fresno, CA 93706",,93630,,"Fresno, 93706",/ Broker / Farmer / Other (identify):,,,,,,,"2,875.00",,2024AR_Big De Cattle Dairy_2947 W Manning Ave_Fresno,2
,"11751 W. Jensen Avenue, Fresno, CA 93706",,93630,,"Fresno, 93706",/ Broker / Farmer / Other (identify):,,,,,,,"2,000.00",,2024AR_Big De Cattle Dairy_2947 W Manning Ave_Fresno,3
,"11751 W. Jensen Avenue, Fresno, CA 93706",,93630,,"Fresno, 93706",/ Broker / Farmer / Other (identify):,,,,,,,"2,000.00",,2024AR_Big De Cattle Dairy_2947 W Manning Ave_Fresno,4
,"24341 Avenue 14, Madera, CA 93637",,95388,,"24341 Avenue 14, Madera, 93637",/ Broker / Farmer / Other (identify):,,,,,,,"3,885.30",,2024AR_Costa View Dairy North_9499 Ave 20_Madera,1
Maple Dairy,19860 S. Maple Avenue,Rodrigues Bros Inc,10071 6th Avenue,,"10071 6th Avenue, Hanford, 93230",/ Broker/ Farmer/ Other (identify) Broker,,"1/31/2024, 2/13, 14, 27-29/2024, 3/5-12/2024",,,,,277.62,,2024AR_Maple Dairy_19860 Maple St_Fresno,1
Zonneveld Dairies Complex,1523 E. Cerini Avenue,Rodrigues Bros Inc,10071 6th Avenue,,"10071 6th Avenue, Hanford, 93230",/ Broker/ Farmer/ Other (identify) Broker,,"1/31/2024, 2/13, 14, 27-29/2024, 3/5-12/2024",,,,,902.28,,2024AR_Zonneveld Dairies Complex_1560 Cerini Ave_Fresno,1
River Oaks Dairy,3621 E. Mt. Whitney,Rodrigues Bros Inc,10071 6th Avenue,,"10071 6th Avenue, Hanford, 93230",/ Broker/ Farmer/ Other (identify) Broker,,"1/31/2024, 2/13, 14, 27-29/2024, 3/5-12/2024",,,,,208.22,,2024AR_River Oaks Dairy_3621 E Mt. Whitney Ave_Fresno,1
G&A Dairy,"2200 S. Marks Avenue, 93706",Larry Burrows,11751 W. Jensen Ave.,,"2200 S. Marks Avenue, 93630",/ Broker/ Farmer/ Other (identify),,5/13/2024,,,,,1498,,2024AR_G & A Dairy_2200 S Marks Ave_Fresno,1
G&A Dairy,"2200 S. Marks Avenue, 93706",Larry Burrows,11751 W. Jensen Ave.,,"2200 S. Marks Avenue, 93630",/ Broker/ Farmer / Other (identify),,5/22/2024,,,,,1450,,2024AR_G & A Dairy_2200 S Marks Ave_Fresno,2
G&A Dairy,"2200 S. Marks Avenue, 93706",Larry Burrows,11751 W. Jensen Ave.,,"2200 S. Marks Avenue, 93630",/ Broker/ Farmer I Other (identify),,,,,,,750,,2024AR_G & A Dairy_2200 S Marks Ave_Fresno,3
G&A Dairy,"2200 S. Marks Avenue, 93706",Larry Burrows,11751 W. Jensen Ave.,,"2200 S. Marks Avenue, 93630",/ Broker/ Farmer I Other (identify),,9/23/2024,,,,,1725,,2024AR_G & A Dairy_2200 S Marks Ave_Fresno,4
G&A Dairy,"2200 S. Marks Avenue, 93706","Lar,y Burrows",11751 W. Jensen Ave.,,"2200 S. Marks Avenue, 93630",/ Broker/ Farmer / Other (identify),,10/18/2024,,,,,1724,,2024AR_G & A Dairy_2200 S Marks Ave_Fresno,5
"Kiss Cattle, LLC",2585 South Chateau Fresno Avenue,Larry Burrows,11751 W. Jensen Ave.,,,/ Broker/ Farmer/ Other (identify),,111112024,,,,,1064,,"2024AR_Kiss Cattle, LLC_2585 S Chateau Fresno Ave_Fresno",1
"Kiss Cattle, LLC",2585 South Chateau Fresno Avenue,Larry Burrows,11751 W. Jensen Ave.,,,/ Broker/ Farmer I Other (identify),,7!5l2024,,,,,525,,"2024AR_Kiss Cattle, LLC_2585 S Chateau Fresno Ave_Fresno",2
"Kiss Cattle, LLC",2585 South Chateau Fresno Avenue,Larry Burrows,11751 W. Jensen Ave.,,,/ Broker/ Farmer/ Other (identify),,10/2/2024,,,,,355,,"2024AR_Kiss Cattle, LLC_2585 S Chateau Fresno Ave_Fresno",3
,"18108 Lexington Ave, Merced, CA 93620",,93620,,"Merced, 93620",/ Broker / Farmer / Other (identify):,,,,,,,"7,135.00",,15373 S Flanagan Rd Dos Palos 2024 Poultry AR,1
,"18108 Lexington Ave, Merced, CA 93620",,93620,,"Merced, 93620",/ Broker / Farmer / Other (identify):,,,,,,,"4,565.00",,15373 S Flanagan Rd Dos Palos 2024 Poultry AR,2
,"5631 Zeering Rd, Turlock, CA 95307",,95380,,"5631 Zeering Rd, 95307",/ Broker / Farmer / Other (identify):,,,,"1,620,000",15 hours pumping at 1800gpm,,,,"6706 Elaine RD, Turlock 2024 Dairy AR",1
,"5631 Zeering Rd, Turlock, CA 95307",,95380,,"5631 Zeering Rd, 95307",/ Broker / Farmer / Other (identify):,,,,"1,620,000",15 hours pumping at 1800 gpm,,,,"6706 Elaine RD, Turlock 2024 Dairy AR",2
,"23839 W Bloss AVE, Merced, CA 95324",,95324,,"23839 W Bloss AVE, Merced, 95324",/ Broker / Farmer / Other (identify):,,,,,,,155.00,,"7689 Washington Rd, Hilmar 2024 Dairy AR",1
,"11708 E Moncure Ave, Manteca, CA 95366",,95366,,"Manteca, 95366",/ Broker / Farmer / Other (identify):,,,,,,,"6,864.00",,8350 E Brady Ave Manteca 2024 Dairy AR,1
,"11708 E Moncure Ave, Manteca, CA 95366",,95366,,"Manteca, 95366",/ Broker / Farmer / Other (identify):,,,,,,,"7,332.00",,8350 E Brady Ave Manteca 2024 Dairy AR,2
,"Merced, CA 95315",,95315,,"Merced, 95315",/ Broker / Farmer / Other (identify):,,,,,,,"6,344.00",,9207 American Ave Hilmar 2024 Dairy AR,1
,"Merced, CA 95315",,95315,,"Merced, 95315",/ Broker / Farmer / Other (identify):,,,,,,,"2,782.00",,9207 American Ave Hilmar 2024 Dairy AR,2
,"720 Jefferson AVE, Merced, CA 93635",,95382,,"720 Jefferson AVE, Merced, 93635",/ Broker / Farmer / Other (identify):,,,,"2,820,000","10,000 gallons per load X 282 loads",,,,14903 S Volta Rd Los Banos 2024 Dairy AR,1
,"720 Jefferson AVE, Merced, CA 93635",,93635,,"720 Jefferson AVE, Merced, 93635",/ Broker / Farmer / Other (identify):,,,,,,,"4,128.00",,14903 S Volta Rd Los Banos 2024 Dairy AR,2
,"12710 S Wilson RD, Merced, CA 95322",,95322,,"Merced, 95322",/ Broker / Farmer / Other (identify):,,,,"4,800,000",gallons per min x hours pumped,,,,10652 Newsome Rd Gustine 2024 Dairy AR,1
,"12710 S Wilson RD, Merced, CA 95322",,95322,,"Merced, 95322",/ Broker / Farmer / Other (identify):,,,,"4,800,000",gallons per min x hours pumped,,,,10652 Newsome Rd Gustine 2024 Dairy AR,2
,"Merced, CA 95324",,95324,,"Merced, 95324",/ Broker / Farmer / Other (identify):,,,,,,,286.00,,"9558 Columbus Ave, Hilmar 2024 Dairy AR",1
,"Merced, CA 95324",,95324,,"Merced, 95324",/ Broker / Farmer / Other (identify):,,,,,,,156.00,,"9558 Columbus Ave, Hilmar 2024 Dairy AR",2
,"Merced, CA 95324",,95324,,"Merced, 95324",/ Broker / Farmer / Other (identify):,,,,,,,78.00,,"9558 Columbus Ave, Hilmar 2024 Dairy AR",3
,"Merced, CA 95324",,95324,,"Merced, 95324",/ Broker / Farmer / Other (identify):,,,,,,,156.00,,"9558 Columbus Ave, Hilmar 2024 Dairy AR",4
,"Merced, CA 95324",,95324,,"Merced, 95324",/ Broker / Farmer / Other (identify):,,,,,,,156.00,,"9558 Columbus Ave, Hilmar 2024 Dairy AR",5
,"Merced, CA 95324",,95324,,"Merced, 95324",/ Broker / Farmer / Other (identify):,,,,,,,130.00,,"9558 Columbus Ave, Hilmar 2024 Dairy AR",6
,"Merced, CA 95324",,95324,,"Merced, 95324",/ Broker / Farmer / Other (identify):,,,,,,,104.00,,"9558 Columbus Ave, Hilmar 2024 Dairy AR",7
,"Merced, CA 95324",,95324,,"Merced, 95324",/ Broker / Farmer / Other (identify):,,,,,,,286.00,,"9558 Columbus Ave, Hilmar 2024 Dairy AR",8
,"Merced, CA 95322",,95360,,"Merced, 95322",/ Broker / Farmer / Other (identify):,,,,,,,"3,900.00",,27890 W Brazo Rd Newman 2024 Dairy AR,1
,"Merced, CA 95322",,95360,,"Merced, 95322",/ Broker / Farmer / Other (identify):,,,,,,,931.00,,27890 W Brazo Rd Newman 2024 Dairy AR,2
,"Merced, CA 95322",,95360,,"Merced, 95322",/ Broker / Farmer / Other (identify):,,,,,,,"2,070.00",,27890 W Brazo Rd Newman 2024 Dairy AR,3
,"Merced, CA 95380",,95315,,"Merced, 95380",/ Broker / Farmer / Other (identify):,,,,,,,"6,136.00",,"11076 Vincent Rd, Turlock 2024 Dairy AR",1
,"22846 2nd Ave, Merced, CA 95374",,95374,,"Merced, 95374",/ Broker / Farmer / Other (identify):,,,,,,,"2,158.00",,3701 Langworth Rd Modesto 2024 Dairy AR,1
,"22846 2nd Ave, Merced, CA 95374",,95374,,"Merced, 95374",/ Broker / Farmer / Other (identify):,,,,,,,"1,664.00",,3701 Langworth Rd Modesto 2024 Dairy AR,2
,"Merced, CA 95317",,95317,,"Merced, 95317",/ Broker / Farmer / Other (identify):,,,,,,,"20,424.00",,7618 S Hwy 59 El Nido 2024 Dairy AR,1
,"Merced, CA 95317",,95317,,"Merced, 95317",/ Broker / Farmer / Other (identify):,,,,,,,"2,952.00",,7618 S Hwy 59 El Nido 2024 Dairy AR,2
,"111 Youngstown Rd, Merced, CA 95380",,95324,,"Merced, 95380",/ Broker / Farmer / Other (identify):,,,,,,,"1,300.00",,16489 August Ave Delhi 2024 Dairy AR,1
,"Merced, CA 95317",,95317,,"Merced, 95317",/ Broker / Farmer / Other (identify):,,,,,,,"1,344.00",,1257 W Roosevelt Rd El Nido 2024 Dairy AR,1
,"Merced, CA 95317",,95317,,"Merced, 95317",/ Broker / Farmer / Other (identify):,,,,,,,"10,044.00",,1257 W Roosevelt Rd El Nido 2024 Dairy AR,2
,"Merced, CA 95317",,95317,,"Merced, 95317",/ Broker / Farmer / Other (identify):,,,,,,,"2,280.00",,1257 W Roosevelt Rd El Nido 2024 Dairy AR,3
,"29191 Husman Rd, Merced, CA 95322",,95322,,"Merced, 95322",/ Broker / Farmer / Other (identify):,,,,,,,"2,652.00",,29191 W Husman Rd Gustine 2024 Dairy AR,1
,"29191 Husman Rd, Merced, CA 95322",,95322,,"Merced, 95322",/ Broker / Farmer / Other (identify):,,,,,,,608.00,,29191 W Husman Rd Gustine 2024 Dairy AR,2
,"Merced, CA 95322",,95322,,"Merced, 95322",/ Broker / Farmer / Other (identify):,,,,,,,"3,900.00",,9201 Hilmar Rd Turlock 2024 Dairy AR,1
,"Merced, CA 95322",,95322,,"Merced, 95322",/ Broker / Farmer / Other (identify):,,,,,,,"5,200.00",,9201 Hilmar Rd Turlock 2024 Dairy AR,2
,"3410 S Hunt RD, Gustine, CA 95322",,95322,,"Gustine, 95322",/ Broker / Farmer / Other (identify):,,,,,,,"1,508.00",,"21330 W Second Ave, Stevinson 2024 Dairy AR",1
,"4390 N Fox Rd, Merced, CA 95340",,95340,,"Merced, 95340",/ Broker / Farmer / Other (identify):,,,,"1,656,000",gpm X 60 X hrs pumped,,,,4390 N Fox Rd Merced 2024 Dairy AR,1
,"4390 N Fox Rd, Merced, CA 95340",,95340,,"Merced, 95340",/ Broker / Farmer / Other (identify):,,,,"1,368,000",gpm X 60 X hrs pumped,,,,4390 N Fox Rd Merced 2024 Dairy AR,2
,"Merced, CA 95315",,95315,,"Merced, 95315",/ Broker / Farmer / Other (identify):,,,,,,,728.00,,7581 N Merced Ave 2024 Dairy AR,1
,"22846 2nd Ave, Merced, CA 95374",,95374,,"Merced, 95374",/ Broker / Farmer / Other (identify):,,,,,,,"2,236.00",,3130 De Witt Rd Modesto 2024 Dairy AR,1
,"22846 2nd Ave, Merced, CA 95374",,95374,,"Merced, 95374",/ Broker / Farmer / Other (identify):,,,,,,,"4,654.00",,5201 Milnes Rd Modesto 2024 Dairy AR,1
,"22846 2nd Ave, Merced, CA 95374",,95374,,"Merced, 95374",/ Broker / Farmer / Other (identify):,,,,,,,"3,536.00",,5201 Milnes Rd Modesto 2024 Dairy AR,2
,"3130 Dewitt Rd, Modesto, CA 95357",,95374,,"Modesto, 95357",/ Broker / Farmer / Other (identify):,,,,,,,320.00,,5201 Milnes Rd Modesto 2024 Dairy AR,3
,"22759 Mercy Springs RD, Merced, CA 93635",,95382,,"Merced, 93635",/ Broker / Farmer / Other (identify):,,,,"3,700,000","370 loads X 10,000 gallons",,,,22759 S Mercy Springs Rd Los Banos 2024 Dairy AR,1
,"22759 Mercy Springs RD, Merced, CA 93635",,93620,,"Merced, 93635",/ Broker / Farmer / Other (identify):,,,,,,,"5,018.00",,22759 S Mercy Springs Rd Los Banos 2024 Dairy AR,2
,"3026 Gurr Rd, Merced, CA 95301",,95301,,"Merced, 95301",/ Broker / Farmer / Other (identify):,,,,"576,000",hours pumped X 1200 gpm,,,,2892 N Gurr Rd Atwater 2024 Dairy AR,1
,"20399 Williams AVE, Hilmar, CA 95324",,95324,,"Hilmar, 95324",/ Broker / Farmer / Other (identify):,,,,,,,560.00,,931 S Blaker Rd Turlock 2024 Dairy AR,1
,"10581 S Carpentar RD, Gustine, CA 95313",,95322,,"10581 S Carpentar RD, CA 95313",/ Broker / Farmer / Other (identify):,,,,,,,"1,470.00",,1100 Ruble Rd Crows Landing 2024 Dairy AR,1
,"10581 S Carpentar RD, Gustine, CA 95313",,95322,,"10581 S Carpentar RD, CA 95313",/ Broker / Farmer / Other (identify):,,,,,,,"1,380.00",,1100 Ruble Rd Crows Landing 2024 Dairy AR,2
,"6885 Oak Ave, Merced, CA 95301",,95381,,"Merced, 95301",/ Broker / Farmer / Other (identify):,,,,"5,783,486",Pond drop calculation based on 5 feet drop in first quarter,,,,6480 W Bailey Rd Atwater 2024 Dairy AR,1
,"6885 Oak Ave, Merced, CA 95301",,95381,,"Merced, 95301",/ Broker / Farmer / Other (identify):,,,,"7,021,541",pond drop calculations,,,,6480 W Bailey Rd Atwater 2024 Dairy AR,2
,"6885 Oak Ave, Merced, CA 05301",,95381,,"Merced, 05301",/ Broker / Farmer / Other (identify):,,,,"7,021,541",pond drop calculations,,,,6480 W Bailey Rd Atwater 2024 Dairy AR,3
,"6885 Oak Ave, Merced, CA 95301",,95381,,"Merced, 95301",/ Broker / Farmer / Other (identify):,,,,"4,572,630",pond drop calculations,,,,6480 W Bailey Rd Atwater 2024 Dairy AR,4
,"400 N Central Ave, Turlock, CA 95380",,95380,,"400 N Central Ave, Turlock, 95380",/ Broker / Farmer / Other (identify):,,,,,,,47.30,,"3107 S Prairie Flower Rd, Turlock 2024 Dairy AR",1
,"400 N Central Ave, Turlock, CA 95382",,95380,,"400 N Central Ave, Turlock, 95382",/ Broker / Farmer / Other (identify):,,,,,,,721.60,,"3107 S Prairie Flower Rd, Turlock 2024 Dairy AR",2
,"400 N Central Ave, Turlock, CA 95380",,95380,,"400 N Central Ave, Turlock, 95380",/ Broker / Farmer / Other (identify):,,,,,,,883.90,,"3107 S Prairie Flower Rd, Turlock 2024 Dairy AR",3
,"400 N Central Ave, Turlock, CA 95380",,95380,,"400 N Central Ave, Turlock, 95380",/ Broker / Farmer / Other (identify):,,,,,,,99.80,,"3107 S Prairie Flower Rd, Turlock 2024 Dairy AR",4
,"400 N Central Ave, Turlock, CA 95380",,95380,,"400 N Central Ave, Turlock, 95380",/ Broker / Farmer / Other (identify):,,,,,,,26.10,,"3107 S Prairie Flower Rd, Turlock 2024 Dairy AR",5
,"400 N Central Ave, Turlock, CA 95380",,95380,,"400 N Central Ave, Turlock, 95380",/ Broker / Farmer / Other (identify):,,,,,,,460.20,,"3107 S Prairie Flower Rd, Turlock 2024 Dairy AR",6
,"400 N Central Ave, Turlock, CA 95380",,95380,,"400 N Central Ave, Turlock, 95380",/ Broker / Farmer / Other (identify):,,,,,,,49.00,,"3107 S Prairie Flower Rd, Turlock 2024 Dairy AR",7
,"400 N Central Ave, Turlock, CA 95380",,95380,,"400 N Central Ave, Turlock, 95380",/ Broker / Farmer / Other (identify):,,,,,,,169.90,,"3107 S Prairie Flower Rd, Turlock 2024 Dairy AR",8
,"400 N Central Ave, Turlock, CA 95380",,95380,,"400 N Central Ave, Turlock, 95380",/ Broker / Farmer / Other (identify):,,,,,,,"1,469.80",,"3107 S Prairie Flower Rd, Turlock 2024 Dairy AR",9
,"400 N Central Ave, Turlock, CA 95380",,95380,,"400 N Central Ave, Turlock, 95380",/ Broker / Farmer / Other (identify):,,,,,,,697.40,,"3107 S Prairie Flower Rd, Turlock 2024 Dairy AR",10
,"400 N Central Ave, Turlock, CA 95380",,95380,,"400 N Central Ave, Turlock, 95380",/ Broker / Farmer / Other (identify):,,,,,,,21.50,,"3107 S Prairie Flower Rd, Turlock 2024 Dairy AR",11
,"8353 Rexford Dr, Merced, CA 95324",,95324,,"Merced, 95324",/ Broker / Farmer / Other (identify):,,,,,,,"3,200.00",,5217 Oak Ave Merced 2024 Dairy AR,1
,"8353 Rexford Dr, Merced, CA 95324",,95324,,"Merced, 95324",/ Broker / Farmer / Other (identify):,,,,,,,"2,600.00",,5217 Oak Ave Merced 2024 Dairy AR,2
,"8353 Rexford Dr, Merced, CA 95324",,95324,,"Merced, 95324",/ Broker / Farmer / Other (identify):,,,,,,,"2,250.00",,5217 Oak Ave Merced 2024 Dairy AR,3
,"10310 Reese RD, Merced, CA 95365",,95324,,Merced,/ Broker / Farmer / Other (identify):,,,,,,,"1,440.00",,1901 N Hayden Rd Le Grand 2024 Dairy AR,1
,"10310 Reese RD, Merced, CA 95365",,95324,,Merced,/ Broker / Farmer / Other (identify):,,,,,,,"1,296.00",,1901 N Hayden Rd Le Grand 2024 Dairy AR,2
,"10310 Reese RD, Merced, CA 95365",,95324,,Merced,/ Broker / Farmer / Other (identify):,,,,,,,960.00,,1901 N Hayden Rd Le Grand 2024 Dairy AR,3
,"10310 Reese RD, Merced, CA 95365",,95324,,Merced,/ Broker / Farmer / Other (identify):,,,,,,,480.00,,1901 N Hayden Rd Le Grand 2024 Dairy AR,4
,"19615 Geer AVE, Merced, CA 95324",,95324,,"19615 Geer AVE, Merced, 95324",/ Broker / Farmer / Other (identify):,,,,,,,"1,824.00",,1901 N Hayden Rd Le Grand 2024 Dairy AR,5
,"19615 Geer AVE, Merced, CA 95324",,95324,,"19615 Geer AVE, Merced, 95324",/ Broker / Farmer / Other (identify):,,,,,,,"2,232.00",,1901 N Hayden Rd Le Grand 2024 Dairy AR,6
,"19615 Geer AVE, Merced, CA 95324",,95324,,"19615 Geer AVE, Merced, 95324",/ Broker / Farmer / Other (identify):,,,,,,,"1,568.00",,1901 N Hayden Rd Le Grand 2024 Dairy AR,7
,"900 Meredith AVE, Merced, CA 95322",,95322,,"900 Meredith AVE, Merced, 95322",/ Broker / Farmer / Other (identify):,,,,,,,"1,216.00",,28470 W Cottonwood Rd Gustine 2024 Dairy AR,1
,"5175 Shaw AVE, Merced, CA 95317",,95388,,Merced,/ Broker / Farmer / Other (identify):,,,,,,,600.00,,508 W Roosevelt Rd El Nido 2024 Dairy AR,1
,"1021 W El Nido RD, Merced, CA 95317",,95324,,"1021 W El Nido RD, Merced, 95317",/ Broker / Farmer / Other (identify):,,,,,,,"1,520.00",,508 W Roosevelt Rd El Nido 2024 Dairy AR,2
,"22339 Crane AVE, Merced, CA 95324",,95380,,Merced,/ Broker / Farmer / Other (identify):,,,,"840,000",Pump GPM x Run Time,,,,"7706 Tegner Rd, Hilmar 2024 Dairy AR",1
,"22339 Crane AVE, Merced, CA 95324",,95380,,Merced,/ Broker / Farmer / Other (identify):,,,,"720,000",Pump GPM x Run Time,,,,"7706 Tegner Rd, Hilmar 2024 Dairy AR",2
,"22339 Crane AVE, Merced, CA 95324",,95380,,Merced,/ Broker / Farmer / Other (identify):,,,,"660,000",Pump GPM x Run Time,,,,"7706 Tegner Rd, Hilmar 2024 Dairy AR",3
,"22339 Crane AVE, Merced, CA 95324",,95380,,Merced,/ Broker / Farmer / Other (identify):,,,,"600,000",Pump GPM x Run Time,,,,"7706 Tegner Rd, Hilmar 2024 Dairy AR",4
,"22339 Crane AVE, Merced, CA 95324",,95380,,Merced,/ Broker / Farmer / Other (identify):,,,,"840,000",Pump GPM x Run Time,,,,"7706 Tegner Rd, Hilmar 2024 Dairy AR",5
,"Modesto, CA 95358",,95358,,"Modesto, CA 95358",/ Broker / Farmer / Other (identify):,,,,,,,440.00,,6506 Vivian Rd Modesto 2024 Dairy AR,1
,"1510 Washington RD, Merced, CA 94317",,95388,,"1510 Washington RD, Merced, 94317",/ Broker / Farmer / Other (identify):,,,,,,,"1,232.00",,921 W Sandy Mush Rd Merced 2024 Dairy AR,1
,"5175 Shaw AVE, Merced, CA 94317",,95388,,"Merced, 94317",/ Broker / Farmer / Other (identify):,,,,,,,176.00,,921 W Sandy Mush Rd Merced 2024 Dairy AR,2
,"5175 Shaw AVE, Merced, CA 94317",,95388,,"Merced, 94317",/ Broker / Farmer / Other (identify):,,,,,,,396.00,,921 W Sandy Mush Rd Merced 2024 Dairy AR,3
,"5175 Shaw AVE, Merced, CA 94317",,95388,,"Merced, 94317",/ Broker / Farmer / Other (identify):,,,,,,,440.00,,921 W Sandy Mush Rd Merced 2024 Dairy AR,4
,"5175 Shaw AVE, Merced, CA 94317",,95388,,"Merced, 94317",/ Broker / Farmer / Other (identify):,,,,,,,229.00,,921 W Sandy Mush Rd Merced 2024 Dairy AR,5
,"5175 Shaw AVE, Merced, CA 95355",,95388,,"Merced, 95355",/ Broker / Farmer / Other (identify):,,,,,,,163.00,,921 W Sandy Mush Rd Merced 2024 Dairy AR,6
,"5175 Shaw AVE, Merced, CA 94317",,95388,,"Merced, 94317",/ Broker / Farmer / Other (identify):,,,,,,,462.00,,921 W Sandy Mush Rd Merced 2024 Dairy AR,7
,"28366 W Husman RD, Merced, CA 95322",,95322,,"28366 W Husman RD, Merced, 95322",/ Broker / Farmer / Other (identify):,,,,,,,"1,475.00",,27500 W Bunker Rd Gustine 2024 Dairy AR,1
,"28366 W Husman RD, Merced, CA 95322",,95322,,"28366 W Husman RD, Merced, 95322",/ Broker / Farmer / Other (identify):,,,,,,,950.00,,27500 W Bunker Rd Gustine 2024 Dairy AR,2
,"28366 W Husman RD, Merced, CA 95322",,95322,,"28366 W Husman RD, Merced, 95322",/ Broker / Farmer / Other (identify):,,,,,,,"1,050.00",,27500 W Bunker Rd Gustine 2024 Dairy AR,3
,"28366 W Husman RD, Merced, CA 95322",,95322,,"28366 W Husman RD, Merced, 95322",/ Broker / Farmer / Other (identify):,,,,,,,"1,050.00",,27500 W Bunker Rd Gustine 2024 Dairy AR,4
,"28366 W Husman RD, Merced, CA 95322",,95322,,"28366 W Husman RD, Merced, 95322",/ Broker / Farmer / Other (identify):,,,,,,,250.00,,27500 W Bunker Rd Gustine 2024 Dairy AR,5
,"28366 W Husman RD, Merced, CA 95322",,95322,,"28366 W Husman RD, Merced, 95322",/ Broker / Farmer / Other (identify):,,,,,,,980.00,,27500 W Bunker Rd Gustine 2024 Dairy AR,6
,"28366 W Husman RD, Merced, CA 95322",,95322,,"28366 W Husman RD, Merced, 95322",/ Broker / Farmer / Other (identify):,,,,,,,500.00,,27500 W Bunker Rd Gustine 2024 Dairy AR,7
,"28366 W Husman RD, Merced, CA 95322",,95322,,"28366 W Husman RD, Merced, 95322",/ Broker / Farmer / Other (identify):,,,,,,,520.00,,27500 W Bunker Rd Gustine 2024 Dairy AR,8
,"28366 W Husman RD, Merced, CA 95322",,95322,,"28366 W Husman RD, Merced, 95322",/ Broker / Farmer / Other (identify):,,,,,,,520.00,,27500 W Bunker Rd Gustine 2024 Dairy AR,9
,"2941 S State Hwy, Merced, CA 95341",,95388,,Merced,/ Broker / Farmer / Other (identify):,,,,,,,"1,800.00",,1581 E Roosevelt Rd El Nido 2024 Dairy AR,1
,"5301 Woodland AVE, Modesto, CA 95358",,95358,,"5301 Woodland AVE, Modesto, CA 95358",/ Broker / Farmer / Other (identify):,,,,"4,260,000",71 Hours @ 1000 GPM,,,,337 N Gates Rd MOdesto 2024 Dairy AR,1
,"337 Gates RD, Modesto, CA 95358",,95358,,"337 Gates RD, Modesto, CA 95358",/ Broker / Farmer / Other (identify):,,,,,,,210.00,,337 N Gates Rd MOdesto 2024 Dairy AR,2
,"5301 Woodland AVE, Modesto, CA 95358",,95358,,"5301 Woodland AVE, Modesto, CA 95358",/ Broker / Farmer / Other (identify):,,,,"4,560,000",76 Hours @ 1000 GPM,,,,337 N Gates Rd MOdesto 2024 Dairy AR,3
,"900 Meredith AVE, Merced, CA 95322",,95322,,"900 Meredith AVE, Merced, 95322",/ Broker / Farmer / Other (identify):,,,,,,,480.00,,337 N Gates Rd MOdesto 2024 Dairy AR,4
,"505 E Washington RD, Merced, CA 95317",,95317,,"505 E Washington RD, Merced, 95317",/ Broker / Farmer / Other (identify):,,,,,,,"1,638.00",,505 E Washington Rd El Nido 2024 Dairy AR,1
,"505 E Washington RD, Merced, CA 95317",,95317,,"505 E Washington RD, Merced, 95317",/ Broker / Farmer / Other (identify):,,,,,,,492.00,,505 E Washington Rd El Nido 2024 Dairy AR,2
,"505 E Washington RD, Merced, CA 95317",,95317,,"505 E Washington RD, Merced, 95317",/ Broker / Farmer / Other (identify):,,,,,,,"1,758.00",,505 E Washington Rd El Nido 2024 Dairy AR,3
,"505 E Washington RD, Merced, CA 95317",,95317,,"505 E Washington RD, Merced, 95317",/ Broker / Farmer / Other (identify):,,,,,,,"1,554.00",,505 E Washington Rd El Nido 2024 Dairy AR,4
,"505 E Washington RD, Merced, CA 95317",,95317,,"505 E Washington RD, Merced, 95317",/ Broker / Farmer / Other (identify):,,,,,,,864.00,,505 E Washington Rd El Nido 2024 Dairy AR,5
,"2025 Washington RD, Merced, CA 95317",,95317,,"2025 Washington RD, Merced, 95317",/ Broker / Farmer / Other (identify):,,,,"10,000,000",Water volume calculated using flowmeter.,,,,505 E Washington Rd El Nido 2024 Dairy AR,6
,"2025 Washington RD, Merced, CA 95317",,95317,,"2025 Washington RD, Merced, 95317",/ Broker / Farmer / Other (identify):,,,,"10,000,000",Water volume calculated using flowmeter.,,,,505 E Washington Rd El Nido 2024 Dairy AR,7
,"2025 Washington RD, Merced, CA 95317",,95317,,"2025 Washington RD, Merced, 95317",/ Broker / Farmer / Other (identify):,,,,"10,000,000",Water volume calculated using flowmeter.,,,,505 E Washington Rd El Nido 2024 Dairy AR,8
,"2025 Washington RD, Merced, CA 95317",,95317,,"2025 Washington RD, Merced, 95317",/ Broker / Farmer / Other (identify):,,,,"5,881,590",Water volume calculated using flowmeter.,,,,505 E Washington Rd El Nido 2024 Dairy AR,9
,"3511 W Sandy Mush RD, Merced, CA 95341",,95324,,"3511 W Sandy Mush RD, Merced, 95341",/ Broker / Farmer / Other (identify):,,,,,,,588.00,,3510 W Sandy Mush Rd Merced 2024 Dairy AR,1
,"1319 S Quinley RD, Merced, CA 95341",,95341,,"1319 S Quinley RD, Merced, 95341",/ Broker / Farmer / Other (identify):,,,,,,,612.00,,3510 W Sandy Mush Rd Merced 2024 Dairy AR,2
,"Merced, CA 95317",,95317,,"Merced, 95317",/ Broker / Farmer / Other (identify):,,,,,,,"8,040.00",,227 W El Nido Rd El Nido 2024 Dairy AR,1
,"Merced, CA 95317",,95317,,"Merced, 95317",/ Broker / Farmer / Other (identify):,,,,,,,"2,616.00",,227 W El Nido Rd El Nido 2024 Dairy AR,2
,"24341 Avenue 14, Madera, CA 93637",,93637,,"24341 Avenue 14, Madera, 93637",/ Broker / Farmer / Other (identify):,,,,,,,946.18,,3493 BVD Ave Merced 2024 Dairy AR,1
,"16510 Bacon Island RD, Stockton, CA 95234",,93610,,"16510 Bacon Island RD, Stockton, CA 95234",/ Broker / Farmer / Other (identify):,,,,,,,"1,650.00",,3493 BVD Ave Merced 2024 Dairy AR,2
,"24662 Road 9, Madera, CA 93610",,93610,,"24662 Road 9, Madera, 93610",/ Broker / Farmer / Other (identify):,,,,,,,"1,308.96",,3493 BVD Ave Merced 2024 Dairy AR,3
,"7306 East Avenue, Turlock, CA 95380",,95380,,"Turlock, 95380",/ Broker / Farmer / Other (identify):,,,,,,,"1,339.00",,"619 S Vincent Rd, Turlock 2024 Dairy AR",1
,"9720 S Whitworth AVE, Merced, CA 95322",,95322,,"9720 S Whitworth AVE, Merced, 95322",/ Broker / Farmer / Other (identify):,,,,"7,280,000",Flowmeter,,,,8450 S Hwy 33 Gustine 2024 Dairy AR,1
,"9720 S Whitworth AVE, Merced, CA 95322",,95322,,"9720 S Whitworth AVE, Merced, 95322",/ Broker / Farmer / Other (identify):,,,,"10,000,000",Flowmeter,,,,8450 S Hwy 33 Gustine 2024 Dairy AR,2
,"2930 Geer Rd, Merced, CA 93635",,95382,,"Merced, 93635",/ Broker / Farmer / Other (identify):,,,,"4,398,500",Flowmeter,,,,18037 S Center Ave Los Banos 2024 Dairy AR,1
,"19075 3rd. Avenue, Merced, CA 95374",,95374,,"Merced, 95374",/ Broker / Farmer / Other (identify):,,,,,,,"1,400.00",,9701 Atwater Jordan Road Atwater 2024 Dairy AR,1
,"19075 3rd. Avenue, Merced, CA 95374",,95374,,"Merced, 95374",/ Broker / Farmer / Other (identify):,,,,,,,"2,600.00",,9701 Atwater Jordan Road Atwater 2024 Dairy AR,2
,"4890 Healy RD, Merced, CA 95341",,95374,,Merced,/ Broker / Farmer / Other (identify):,,,,,,,"1,830.00",,4890 S Healy Rd Merced 2024 Dairy AR,1
,"3639 W McMaster RD, Merced, CA 95340",,95374,,Merced,/ Broker / Farmer / Other (identify):,,,,,,,710.00,,4890 S Healy Rd Merced 2024 Dairy AR,2
,"4137 W Healy RD, Merced, CA 95340",,95374,,"4137 W Healy RD, Merced, 95340",/ Broker / Farmer / Other (identify):,,,,,,,400.00,,4890 S Healy Rd Merced 2024 Dairy AR,3
,"4137 W Healy RD, Merced, CA 95340",,95374,,"4137 W Healy RD, Merced, 95340",/ Broker / Farmer / Other (identify):,,,,,,,600.00,,4890 S Healy Rd Merced 2024 Dairy AR,4
,"3639 W McMaster RD, Merced, CA 95340",,95324,,Merced,/ Broker / Farmer / Other (identify):,,,,,,,"2,020.00",,4890 S Healy Rd Merced 2024 Dairy AR,5
,"4890 Healy RD, Merced, CA 95341",,95341,,Merced,/ Broker / Farmer / Other (identify):,,,,"8,700,000",Pump rate (GPM) multiplied by run time,,,,4890 S Healy Rd Merced 2024 Dairy AR,6
,"4890 Healy RD, Merced, CA 95341",,95341,,Merced,/ Broker / Farmer / Other (identify):,,,,"8,100,000",Pump rate (GPM) multiplied by run time,,,,4890 S Healy Rd Merced 2024 Dairy AR,7
,"4890 Healy RD, Merced, CA 95341",,95341,,Merced,/ Broker / Farmer / Other (identify):,,,,"9,800,000",Pump rate (GPM) multiplied by run time,,,,4890 S Healy Rd Merced 2024 Dairy AR,8
,"4890 Healy RD, Merced, CA 95341",,95341,,Merced,/ Broker / Farmer / Other (identify):,,,,"9,200,000",Pump rate (GPM) multiplied by run time,,,,4890 S Healy Rd Merced 2024 Dairy AR,9
,"602 E Sandy Mush RD, Merced, CA 95341",,95341,,"602 E Sandy Mush RD, Merced, 95341",/ Broker / Farmer / Other (identify):,,,,"3,980,500",Number of loads multiplied by tank volume,,,,5817 E Worden Ave Merced 2024 Dairy AR,1
,"5175 W Shaw AVE, Merced, CA 95388",,95388,,"5175 W Shaw AVE, Merced, 95388",/ Broker / Farmer / Other (identify):,,,,,,,602.00,,5817 E Worden Ave Merced 2024 Dairy AR,2
,"5175 W Shaw AVE, Merced, CA 95388",,95388,,"5175 W Shaw AVE, Merced, 95388",/ Broker / Farmer / Other (identify):,,,,,,,"1,125.00",,5817 E Worden Ave Merced 2024 Dairy AR,3
,"5175 W Shaw AVE, Merced, CA 95388",,95388,,"5175 W Shaw AVE, Merced, 95388",/ Broker / Farmer / Other (identify):,,,,,,,430.00,,5817 E Worden Ave Merced 2024 Dairy AR,4
,"5175 W Shaw AVE, Merced, CA 95388",,95388,,"5175 W Shaw AVE, Merced, 95388",/ Broker / Farmer / Other (identify):,,,,,,,449.00,,5817 E Worden Ave Merced 2024 Dairy AR,5
,"20694 Johnson AVE, Merced, CA 95324",,95324,,"20694 Johnson AVE, Merced, 95324",/ Broker / Farmer / Other (identify):,,,,"360,000",Flowmeter,,,,"20326 Johnson Ave, Hilmar 2024 Dairy AR",1
,"20758 Johnson AVE, Merced, CA 95324",,95324,,"20758 Johnson AVE, Merced, 95324",/ Broker / Farmer / Other (identify):,,,,"480,000",Flowmeter,,,,"20326 Johnson Ave, Hilmar 2024 Dairy AR",2
,"20758 Johnson AVE, Merced, CA 95324",,95324,,"20758 Johnson AVE, Merced, 95324",/ Broker / Farmer / Other (identify):,,,,"240,000",Flowmeter,,,,"20326 Johnson Ave, Hilmar 2024 Dairy AR",3
,"21809 Williams AVE, Merced, CA 95324",,95324,,"21809 Williams AVE, Merced, 95324",/ Broker / Farmer / Other (identify):,,,,"480,000",Flowmeter,,,,"20326 Johnson Ave, Hilmar 2024 Dairy AR",4
,"20694 Johnson AVE, Merced, CA 95324",,95324,,"20694 Johnson AVE, Merced, 95324",/ Broker / Farmer / Other (identify):,,,,"360,000",Flowmeter,,,,"20326 Johnson Ave, Hilmar 2024 Dairy AR",5
,"1 Johnson AVE, Merced, CA 95324",,95322,,Merced,/ Broker / Farmer / Other (identify):,,,,,,,"1,380.00",,"20326 Johnson Ave, Hilmar 2024 Dairy AR",6
,"20694 Johnson AVE, Merced, CA 95324",,95324,,"20694 Johnson AVE, Merced, 95324",/ Broker / Farmer / Other (identify):,,,,"160,000",Flowmeter,,,,"20326 Johnson Ave, Hilmar 2024 Dairy AR",7
,"21809 Williams AVE, Merced, CA 95324",,95324,,"21809 Williams AVE, Merced, 95324",/ Broker / Farmer / Other (identify):,,,,"240,000",Flowmeter,,,,"20326 Johnson Ave, Hilmar 2024 Dairy AR",8
,"21809 Williams AVE, Merced, CA 95324",,95324,,"21809 Williams AVE, Merced, 95324",/ Broker / Farmer / Other (identify):,,,,"1,800,000",Flowmeter,,,,"20326 Johnson Ave, Hilmar 2024 Dairy AR",9
,"21809 Williams AVE, Merced, CA 95324",,95324,,"21809 Williams AVE, Merced, 95324",/ Broker / Farmer / Other (identify):,,,,"160,000",Flowmeter,,,,"20326 Johnson Ave, Hilmar 2024 Dairy AR",10
,"21809 Williams AVE, Merced, CA 95324",,95324,,"21809 Williams AVE, Merced, 95324",/ Broker / Farmer / Other (identify):,,,,"240,000",Flowmeter,,,,"20326 Johnson Ave, Hilmar 2024 Dairy AR",11
,"1 Johnson AVE, Merced, CA 95324",,95322,,Merced,/ Broker / Farmer / Other (identify):,,,,,,,560.00,,"20326 Johnson Ave, Hilmar 2024 Dairy AR",12
,"3605 Soderquist AVE, Turlock, CA 95380",,95382,,"3605 Soderquist AVE, Turlock, 95380",/ Broker / Farmer / Other (identify):,,,,"570,000",Haulers Calc,,,,"20326 Johnson Ave, Hilmar 2024 Dairy AR",13
,"2406 S Walnut RD, Turlock, CA 95380",,95322,,"2406 S Walnut RD, Turlock, CA 95380",/ Broker / Farmer / Other (identify):,,,,,,,"1,280.00",,"20326 Johnson Ave, Hilmar 2024 Dairy AR",14
,"19486 American AVE, Merced, CA 95324",,95324,,"19486 American AVE, Merced, 95324",/ Broker / Farmer / Other (identify):,,,,,,,"1,594.80",,20723 Geer Ave Hilmar 2024 Dairy AR,1
,"19420 American AVE, Merced, CA 95324",,95324,,"19420 American AVE, Merced, 95324",/ Broker / Farmer / Other (identify):,,,,,,,265.90,,20723 Geer Ave Hilmar 2024 Dairy AR,2
,"21185 Williams AVE, Merced, CA 95324",,95324,,"21185 Williams AVE, Merced, 95324",/ Broker / Farmer / Other (identify):,,,,,,,665.00,,20723 Geer Ave Hilmar 2024 Dairy AR,3
,"21185 Williams AVE, Merced, CA 95324",,95324,,Merced,/ Broker / Farmer / Other (identify):,,,,"420,000",Flowmeter,,,,20723 Geer Ave Hilmar 2024 Dairy AR,4
,"21089 Williams AVE, Merced, CA 95324",,95324,,Merced,/ Broker / Farmer / Other (identify):,,,,"360,000",Flowmeter,,,,20723 Geer Ave Hilmar 2024 Dairy AR,5
,"21089 Williams AVE, Merced, CA 95324",,95324,,Merced,/ Broker / Farmer / Other (identify):,,,,"420,000",Flowmeter,,,,20723 Geer Ave Hilmar 2024 Dairy AR,6
,"21185 Williams AVE, Merced, CA 95324",,95324,,Merced,/ Broker / Farmer / Other (identify):,,,,"420,000",Flowmeter,,,,20723 Geer Ave Hilmar 2024 Dairy AR,7
,"21185 Williams AVE, Merced, CA 95324",,95324,,Merced,/ Broker / Farmer / Other (identify):,,,,"420,000",Flowmeter,,,,20723 Geer Ave Hilmar 2024 Dairy AR,8
,"21089 Williams AVE, Merced, CA 95324",,95324,,Merced,/ Broker / Farmer / Other (identify):,,,,"420,000",Flowmeter,,,,20723 Geer Ave Hilmar 2024 Dairy AR,9
,"20334 W Oslo Rd, Hilmar, CA 95324",,95324,,"20334 W Oslo Rd, Hilmar, CA 95324",/ Broker / Farmer / Other (identify):,,,,"1,800,000",Flowmeter,,,,"20445 August Ave, Hilmar 2024 Dairy AR",1
,"20334 W Oslo Rd, Hilmar, CA 95324",,95324,,"20334 W Oslo Rd, Hilmar, CA 95324",/ Broker / Farmer / Other (identify):,,,,"1,935,000",Flowmeter,,,,"20445 August Ave, Hilmar 2024 Dairy AR",2
,"20334 W Oslo Rd, Hilmar, CA 95324",,95324,,"20334 W Oslo Rd, Hilmar, CA 95324",/ Broker / Farmer / Other (identify):,,,,"1,770,000",Flowmeter,,,,"20445 August Ave, Hilmar 2024 Dairy AR",3
,"20334 W Oslo Rd, Hilmar, CA 95324",,95324,,"20334 W Oslo Rd, Hilmar, CA 95324",/ Broker / Farmer / Other (identify):,,,,"1,710,000",Flowmeter,,,,"20445 August Ave, Hilmar 2024 Dairy AR",4
,"20334 W Oslo Rd, Hilmar, CA 95324",,95324,,"20334 W Oslo Rd, Hilmar, CA 95324",/ Broker / Farmer / Other (identify):,,,,"1,530,000",Flowmeter,,,,"20445 August Ave, Hilmar 2024 Dairy AR",5
,"20334 W Oslo Rd, Hilmar, CA 95324",,95324,,"20334 W Oslo Rd, Hilmar, CA 95324",/ Broker / Farmer / Other (identify):,,,,"1,650,000",Flowmeter,,,,"20445 August Ave, Hilmar 2024 Dairy AR",6
,"20334 W Oslo Rd, Hilmar, CA 95324",,95324,,"20334 W Oslo Rd, Hilmar, CA 95324",/ Broker / Farmer / Other (identify):,,,,"1,530,000",Flowmeter,,,,"20445 August Ave, Hilmar 2024 Dairy AR",7
,"1751 Chandler DR, Turlock, CA 95382",,95380,,"1751 Chandler DR, Turlock, CA 95382",/ Broker / Farmer / Other (identify):,,,,"1,560,000",Pump GPM x Run Time,,,,730 Bystrum Rd Turlock 2024 Dairy AR,1
,"10077 Avenue 26, Madera, CA 93610",,93610,,"Madera, 93610",/ Broker / Farmer / Other (identify):,,,,,,,"2,701.00",,10077 Ave 26 Chowchilla 2024 Dairy AR,1
,"11923 E Childs AVE, Merced, CA 95333",,95333,,Merced,/ Broker / Farmer / Other (identify):,,,,,,,"2,898.00",,11923 E Childs Ave L Grand 2024 Dairy AR,1
,"5175 W Shaw AVE, Merced, CA 95388",,95388,,"5175 W Shaw AVE, Merced, 95388",/ Broker / Farmer / Other (identify):,,,,,,,"4,350.00",,5511 W Sandy Mush Rd Merced 2024 Dairy AR,1
,"5175 W Shaw AVE, Merced, CA 95388",,95388,,"5175 W Shaw AVE, Merced, 95388",/ Broker / Farmer / Other (identify):,,,,,,,"5,125.00",,5511 W Sandy Mush Rd Merced 2024 Dairy AR,2
,"8522 W SandyMush RD, Merced, CA 95341",,95388,,"8522 W SandyMush RD, Merced, 95341",/ Broker / Farmer / Other (identify):,,,,,,,"2,400.00",,5511 W Sandy Mush Rd Merced 2024 Dairy AR,3
,"22245 August AVE, Merced, CA 95324",,95324,,Merced,/ Broker / Farmer / Other (identify):,,,,"1,900,000",Flowmeter,,,,"9483 Columbus Ave, Hilmar 2024 Dairy AR",1
,"22338 Short AVE, Merced, CA 95324",,95324,,"22338 Short AVE, Merced, 95324",/ Broker / Farmer / Other (identify):,,,,"1,350,000",Flowmeter,,,,"9483 Columbus Ave, Hilmar 2024 Dairy AR",2
,"22245 August AVE, Merced, CA 95324",,95324,,Merced,/ Broker / Farmer / Other (identify):,,,,"2,090,000",Flowmeter,,,,"9483 Columbus Ave, Hilmar 2024 Dairy AR",3
,"6612 Prarie Flower RD, Turlock, CA 95380",,95324,,"6612 Prarie Flower RD, Turlock, CA 95380",/ Broker / Farmer / Other (identify):,,,,"2,520,000",Flowmeter,,,,"9483 Columbus Ave, Hilmar 2024 Dairy AR",4
,"22245 August AVE, Merced, CA 95324",,95324,,Merced,/ Broker / Farmer / Other (identify):,,,,"4,180,000",Flowmeter,,,,"9483 Columbus Ave, Hilmar 2024 Dairy AR",5
,"21536 August AVE, Merced, CA 95324",,95324,,Merced,/ Broker / Farmer / Other (identify):,,,,"2,970,000",Flowmeter,,,,"9483 Columbus Ave, Hilmar 2024 Dairy AR",6
,"6612 Prarie Flower RD, Turlock, CA 95380",,95324,,"6612 Prarie Flower RD, Turlock, CA 95380",/ Broker / Farmer / Other (identify):,,,,"2,470,000",Flowmeter,,,,"9483 Columbus Ave, Hilmar 2024 Dairy AR",7
,"22245 August AVE, Merced, CA 95324",,95324,,Merced,/ Broker / Farmer / Other (identify):,,,,"1,540,000",Flowmeter,,,,"9483 Columbus Ave, Hilmar 2024 Dairy AR",8
,"2406 S Walnut RD, Merced, CA 95380",,95322,,Merced,/ Broker / Farmer / Other (identify):,,,,,,,"1,830.00",,"9483 Columbus Ave, Hilmar 2024 Dairy AR",9
,"9360 Tegner RD, Merced, CA 95324",,95324,,"9360 Tegner RD, Merced, 95324",/ Broker / Farmer / Other (identify):,,,,"2,200,000",Flowmeter,,,,"9483 Columbus Ave, Hilmar 2024 Dairy AR",10
,"21510 American AVE, Merced, CA 95324",,95324,,"21510 American AVE, Merced, 95324",/ Broker / Farmer / Other (identify):,,,,"650,000",Flowmeter,,,,"9483 Columbus Ave, Hilmar 2024 Dairy AR",11
,"9579 Hultberg RD, Merced, CA 95324",,95324,,"9579 Hultberg RD, Merced, 95324",/ Broker / Farmer / Other (identify):,,,,"1,700,000",Flowmeter,,,,"9483 Columbus Ave, Hilmar 2024 Dairy AR",12
,"9579 Hulberg RD, Merced, CA 95324",,95324,,"9579 Hulberg RD, Merced, 95324",/ Broker / Farmer / Other (identify):,,,,"1,200,000",Flowmeter,,,,"9483 Columbus Ave, Hilmar 2024 Dairy AR",13
,"6612 Prarie Flower RD, Turlock, CA 95380",,95324,,"6612 Prarie Flower RD, Turlock, CA 95380",/ Broker / Farmer / Other (identify):,,,,"3,600,000",Flowmeter,,,,"9483 Columbus Ave, Hilmar 2024 Dairy AR",14
,"9579 Hultberg RD, Merced, CA 95324",,95324,,"9579 Hultberg RD, Merced, 95324",/ Broker / Farmer / Other (identify):,,,,"1,800,000",Flowmeter,,,,"9483 Columbus Ave, Hilmar 2024 Dairy AR",15
,"6612 Prarie Flower RD, Turlock, CA 95380",,95324,,"6612 Prarie Flower RD, Turlock, CA 95380",/ Broker / Farmer / Other (identify):,,,,"2,040,000",Flowmeter,,,,"9483 Columbus Ave, Hilmar 2024 Dairy AR",16
,"19664 Crane AVE, Merced, CA 95324",,95324,,Merced,/ Broker / Farmer / Other (identify):,,,,"1,800,000",Flowmeter,,,,"9483 Columbus Ave, Hilmar 2024 Dairy AR",17
,"9579 Hultberg RD, Merced, CA 95324",,95324,,"9579 Hultberg RD, Merced, 95324",/ Broker / Farmer / Other (identify):,,,,"600,000",Flowmeter,,,,"9483 Columbus Ave, Hilmar 2024 Dairy AR",18
,"6612 Prarie Flower RD, Turlock, CA 95380",,95324,,"6612 Prarie Flower RD, Turlock, CA 95380",/ Broker / Farmer / Other (identify):,,,,"2,160,000",Flowmeter,,,,"9483 Columbus Ave, Hilmar 2024 Dairy AR",19
,"19664 Crane AVE, Merced, CA 95324",,95324,,Merced,/ Broker / Farmer / Other (identify):,,,,"2,250,000",Flowmeter,,,,"9483 Columbus Ave, Hilmar 2024 Dairy AR",20
,"19664 Crane AVE, Merced, CA 95324",,95324,,Merced,/ Broker / Farmer / Other (identify):,,,,"2,400,000",Flowmeter,,,,"9483 Columbus Ave, Hilmar 2024 Dairy AR",21
,"21536 August AVE, Merced, CA 95324",,95324,,Merced,/ Broker / Farmer / Other (identify):,,,,"3,080,000",Flowmeter,,,,"9483 Columbus Ave, Hilmar 2024 Dairy AR",22
,"2406 S Walnut RD, Merced, CA 95380",,95322,,Merced,/ Broker / Farmer / Other (identify):,,,,,,,80.00,,"9483 Columbus Ave, Hilmar 2024 Dairy AR",23
,"6612 Prarie Flower RD, Turlock, CA 95380",,95324,,"6612 Prarie Flower RD, Turlock, CA 95380",/ Broker / Farmer / Other (identify):,,,,"3,910,000",Flowmeter,,,,"9483 Columbus Ave, Hilmar 2024 Dairy AR",24
,"9579 Hultberg RD, Merced, CA 95324",,95324,,"9579 Hultberg RD, Merced, 95324",/ Broker / Farmer / Other (identify):,,,,"3,200,000",Flowmeter,,,,"9483 Columbus Ave, Hilmar 2024 Dairy AR",25
,"6612 Prarie Flower RD, Turlock, CA 95380",,95324,,"6612 Prarie Flower RD, Turlock, CA 95380",/ Broker / Farmer / Other (identify):,,,,"900,000",Flowmeter,,,,"9483 Columbus Ave, Hilmar 2024 Dairy AR",26
,"2406 S Walnut RD, Turlock, CA 95380",,95322,,"2406 S Walnut RD, Turlock, CA 95380",/ Broker / Farmer / Other (identify):,,,,,,,50.00,,"9483 Columbus Ave, Hilmar 2024 Dairy AR",27
,"22245 August AVE, Merced, CA 95324",,95324,,Merced,/ Broker / Farmer / Other (identify):,,,,"3,800,000",Flowmeter,,,,"9483 Columbus Ave, Hilmar 2024 Dairy AR",28
,"6612 Prarie Flower RD, Turlock, CA 95380",,95324,,"6612 Prarie Flower RD, Turlock, CA 95380",/ Broker / Farmer / Other (identify):,,,,"1,740,000",Flowmeter,,,,"9483 Columbus Ave, Hilmar 2024 Dairy AR",29
,"22245 August AVE, Merced, CA 95324",,95324,,Merced,/ Broker / Farmer / Other (identify):,,,,"1,760,000",Flowmeter,,,,"9483 Columbus Ave, Hilmar 2024 Dairy AR",30
,"19664 Crane AVE, Merced, CA 95324",,95324,,Merced,/ Broker / Farmer / Other (identify):,,,,"7,040,000",Flowmeter,,,,"9483 Columbus Ave, Hilmar 2024 Dairy AR",31
,"3410 S Hunt RD, Merced, CA 95322",,95322,,"3410 S Hunt RD, Merced, 95322",/ Broker / Farmer / Other (identify):,,,,,,,"2,800.00",,5070 S Hunt Rd Gustine 2024 Dairy AR,1
,"900 Meredith AVE, Merced, CA 95322",,95322,,"Merced, 95322",/ Broker / Farmer / Other (identify):,,,,,,,"5,500.00",,5070 S Hunt Rd Gustine 2024 Dairy AR,2
,"900 Meredith AVE, Merced, CA 95322",,95322,,"Merced, 95322",/ Broker / Farmer / Other (identify):,,,,,,,"7,900.00",,5070 S Hunt Rd Gustine 2024 Dairy AR,3
,"15735 Indiana RD, Merced, CA 93620",,93620,,"15735 Indiana RD, Merced, 93620",/ Broker / Farmer / Other (identify):,,,,,,,100.00,,15775 S Indiana Ave Dos Palos 2024 Dairy AR,1
,"15735 Indiana RD, Merced, CA 93620",,93620,,"15735 Indiana RD, Merced, 93620",/ Broker / Farmer / Other (identify):,,,,,,,100.00,,15775 S Indiana Ave Dos Palos 2024 Dairy AR,2
,"5939 Lacey BLVD, Tulare, CA 92391",,93230,,"Tulare, 92391",/ Broker / Farmer / Other (identify):,,,,,,,"3,185.00",,2024AR_Rui and Jennifer Brasil Dairy_8061 Ave 360_Tulare,1
,"12329 Ave 271, Tulare, CA 93277",,93274,,"12329 Ave 271, Tulare, 93277",/ Broker / Farmer / Other (identify):,,,,,,,"1,500.00",,2024AR_Nunes & Sond Dairy_690 E Oakdale Ave_Tulare,1
,"7559 Avenue 152, Tulare, CA 93272",,93274,,"7559 Avenue 152, Tulare, 93272",/ Broker / Farmer / Other (identify):,,,,,,,"1,269.00",,2024AR_T-Bar Dairy_14851 Rd 168_Tulare,1
,"13085 S Zediker AVE, Fresno, CA 93631",,93230,,"13085 S Zediker AVE, Fresno, 93631",/ Broker / Farmer / Other (identify):,,,,,,,350.00,,2024AR_Flint Dairy_6511 Flint Ave_Kings,1
,"5771 7th Avenue, Fresno, CA 93631",,93230,,"Fresno, 93631",/ Broker / Farmer / Other (identify):,,,,,,,450.00,,2024AR_Flint Dairy_6511 Flint Ave_Kings,2
,"5520 Flint AVE, Hanford, CA 93230",,93230,,"5520 Flint AVE, Hanford, 93230",/ Broker / Farmer / Other (identify):,,,,,,,500.00,,2024AR_Flint Dairy_6511 Flint Ave_Kings,3
,"363 N 5th AVE, Fresno, CA 93631",,93230,,"363 N 5th AVE, Fresno, 93631",/ Broker / Farmer / Other (identify):,,,,,,,570.00,,2024AR_Flint Dairy_6511 Flint Ave_Kings,4
,"10741 Flint AVE, Hanford, CA 93230",,93230,,"10741 Flint AVE, Hanford, 93230",/ Broker / Farmer / Other (identify):,,,,,,,50.00,,2024AR_Flint Dairy_6511 Flint Ave_Kings,5
,"5230 9th AVE, Hanford, CA 93230",,93230,,"5230 9th AVE, Hanford, 93230",/ Broker / Farmer / Other (identify):,,,,,,,400.00,,2024AR_Flint Dairy_6511 Flint Ave_Kings,6
,"10367 Houston AVE, Lemoore, CA 93245",,93230,,"10367 Houston AVE, Lemoore, 93245",/ Broker / Farmer / Other (identify):,,,,,,,"2,300.00",,2024AR_Flint Dairy_6511 Flint Ave_Kings,7
,"5230 9th AVE, Hanford, CA 93230",,93230,,"5230 9th AVE, Hanford, 93230",/ Broker / Farmer / Other (identify):,,,,,,,"2,000.00",,2024AR_Flint Dairy_6511 Flint Ave_Kings,8
,"5415 Boston AVE, Fresno, CA 93631",,93230,,"5415 Boston AVE, Fresno, 93631",/ Broker / Farmer / Other (identify):,,,,,,,800.00,,2024AR_Flint Dairy_6511 Flint Ave_Kings,9
,"14803 Grangeville Blvd, Hanford, CA 93230",,93230,,"14803 Grangeville Blvd, Hanford, 93230",/ Broker / Farmer / Other (identify):,,,,,,,"1,400.00",,2024AR_Flint Dairy_6511 Flint Ave_Kings,10
,"14803 Grangeville Blvd, Hanford, CA 93230",,93230,,"14803 Grangeville Blvd, Hanford, 93230",/ Broker / Farmer / Other (identify):,,,,,,,800.00,,2024AR_Flint Dairy_6511 Flint Ave_Kings,11
,"13085 S Zediker AVE, Fresno, CA 93631",,93230,,"13085 S Zediker AVE, Fresno, 93631",/ Broker / Farmer / Other (identify):,,,,,,,400.00,,2024AR_Flint Dairy_6511 Flint Ave_Kings,12
,"7442 7th AVE, Hanford, CA 93230",,93230,,"7442 7th AVE, Hanford, 93230",/ Broker / Farmer / Other (identify):,,,,"1,629,000",Pump rate (GPM) multiplied by run time,,,,2024AR_Flint Dairy_6511 Flint Ave_Kings,13
,"7442 7th AVE, Hanford, CA 93230",,93230,,"7442 7th AVE, Hanford, 93230",/ Broker / Farmer / Other (identify):,,,,"981,000",Pump rate (GPM) multiplied by run time,,,,2024AR_Flint Dairy_6511 Flint Ave_Kings,14
,"7442 7th AVE, Hanford, CA 93230",,93230,,"7442 7th AVE, Hanford, 93230",/ Broker / Farmer / Other (identify):,,,,"2,481,000",Pump rate (GPM) multiplied by run time,,,,2024AR_Flint Dairy_6511 Flint Ave_Kings,15
,"7442 7th AVE, Hanford, CA 93230",,93230,,"7442 7th AVE, Hanford, 93230",/ Broker / Farmer / Other (identify):,,,,"2,172,000",Pump rate (GPM) multiplied by run time,,,,2024AR_Flint Dairy_6511 Flint Ave_Kings,16
,"29435 Borba Rd, Merced, CA 95341",,95322,,"Merced, 95341",/ Broker / Farmer / Other (identify):,,,,,,,"3,970.80",,2024AR_Flint Dairy_6511 Flint Ave_Kings,17
Georgeson Dairy,,,/Person,,,/ Broker / Farmer / Other (identify): Broker,;,,,,,,"8,200.00",to determine amount of manure,2024AR_Georgenson Dairy_8519 24th Ave_Kings,1
_________________________________________________________,______________________________________________________________,B Mello Ag Services,5771 7th Ave                                        Hanford                93230,,"7900 15th Ave. Hanford., Hanford, 93230",,,_________________________________________________________________,,Method used to determine volume of process wastewater: ________________________,______________________________________________________________________,,Manure Solids Content (if amount reported in,,2024AR_Contente & Co Dairy_7900 15th Ave_Kings,1
_________________________________________________________,______________________________________________________________,B Mello Ag Services,5771 7th Ave                                        Hanford                93230,,"7900 15th Ave. Hanford., Hanford, 93230",,,_________________________________________________________________,,Method used to determine volume of process wastewater: ________________________,______________________________________________________________________,,Manure Solids Content (if amount reported in,,2024AR_Contente & Co Dairy_7900 15th Ave_Kings,2
,"15336 10th AVE, Hanford, CA 93230",,93230,,"15336 10th AVE, Hanford, 93230",/ Broker / Farmer / Other (identify):,,,,,,,300.00,,2024AR_Antonio Garcia Dairy_6571 Fargo Ave_Kings,1
,"15336 10th AVE, Hanford, CA 93230",,93230,,"15336 10th AVE, Hanford, 93230",/ Broker / Farmer / Other (identify):,,,,,,,200.00,,2024AR_Antonio Garcia Dairy_6571 Fargo Ave_Kings,2
,,Rodriguez Bros Hauling,/Person,of Operator: John Silva,"Fresno, 93230",/ Broker / Farmer / Other (identify): Broker,,,,,,,"1,850_00",to calculate the amount,2024AR_Jaques & Silva Dairy_10536 6th Ave_Kings,1
"E. l,4endes Dai","23568 Fargo AVE, Lemoore, 93245",,"Fresno, CA 93656",,"Fresno, 93656",/ Broker / Famer / Other (identify): Broker,,,,,,,"2,800.00",,2024AR_E Mendes Dairy_23568 Fargo Ave_Kings,1
,"18017 Road 93, Tulare, CA 93270",,93274,,"18017 Road 93, Tulare, 93270",/ Broker / Farmer / Other (identify):,,,,,,,"2,284.09",,2024AR_Aukeman Farms Dairy_17297 Road 96_W Tulare,1
,"5162 Avenue 252, Tulare, CA 93274",,93274,,"5162 Avenue 252, Tulare, 93274",/ Broker / Farmer / Other (identify):,,,,,,,"9,000.00",,2024AR_Aukeman Farms Dairy_17297 Road 96_W Tulare,2
,"7370 Avenue 228, Tulare, CA 93274",,93274,,"7370 Avenue 228, Tulare, 93274",/ Broker / Farmer / Other (identify):,,,,,,,"7,800.00",,2024AR_Aukeman Farms Dairy_17297 Road 96_W Tulare,3
,"7370 Avenue 228, Tulare, CA 93274",,93274,,"7370 Avenue 228, Tulare, 93274",/ Broker / Farmer / Other (identify):,,,,,,,"7,100.00",,2024AR_Aukeman Farms Dairy_17297 Road 96_W Tulare,4
430 W Mt. Whitney AVE,430 W Mt. Whitney AVE,,/Person 19721 Exceslsior,,,"/ Broker / Farmer / Other (identify): Broker Contact information of Composting Facility, Broker, Farmer, or Other (as identilied above) Thomas Bros Haulin ame 19721 Exceslsior",Rlverdale,,,,,,,,2024AR_J&D Wilson Dry Cows_430 W Mt. Whitney Ave_Fresno,1
430 W Mt. Whitney AVE,430 W Mt. Whitney AVE,,/Person 19721 Exceslsior,Jim Wilson Name of Dairy Facility: J&D Wilson Dry Cows Facility Address: 430 W Mt. Whitney AVE,Contact Person Name and Phone Number,"/ Broker / Farmer / Other (identiry): Broker Contiact information of Composting Facility, Brok6r, Farmsr, or Other (as identified above) Thomas Brcs Hauling",,,,,,,,,2024AR_J&D Wilson Dry Cows_430 W Mt. Whitney Ave_Fresno,2
"625 E Coleman AVE Laton Fresno 93242 Number and Street City County Zip Code Contact Person Name and Phone Number: AJ Slenders 559 273-9112 Narne mber I\,IANURE HAULER INFORI\ilATlON Name of Hauling Company/Person: N,ledeiros Farms Address of Hauling Company/Person: Cily re (559) 906-1406 Name Phone Number 12'l 37 S Hughes Ave Caruthers CA 93609 Number and Street Contact Person: Manuel Medeiros DESTINATION INFORMATION Composting Facility i Broker / Farmer / Other (identify): Farmer Contact information of Composting Facility, Broker, Farmer, or Other (as identified above) Medeiros Farms (559) 867-8876 Name Phone Number 12137 S Hughes Ave 93609 Address Caruthers CA City State Zip Code Destination Address or Assassor's Parcel Number Caruthers 93609 Address Cily Zip Code HU hes Fresno County Street and nearest cross street (if no address)Assesso/s Parcel Numb6r Assesso/s Parcl Number County Last date hauled: 1010212024","AJ Slenders 559 273-9112 Narne mber I\,IANURE HAULER INFORI\ilATlON Name of Hauling Company/Person: N,ledeiros Farms Address of Hauling Company/Person: Cily re (559) 906-1406 Name Phone Number 12'l 37 S Hughes Ave Caruthers CA 93609 Number and Street Contact Person: Manuel Medeiros DESTINATION INFORMATION Composting Facility i Broker / Farmer / Other (identify): Farmer Contact information of Composting Facility, Broker, Farmer, or Other (as identified above) Medeiros Farms (559) 867-8876 Name Phone Number 12137 S Hughes Ave 93609 Address Caruthers CA City State Zip Code Destination Address or Assassor's Parcel Number Caruthers 93609 Address Cily Zip Code HU hes Fresno County Street and nearest cross street (if no address)Assesso/s Parcel Numb6r Assesso/s Parcl Number County Last date hauled: 1010212024","N,ledeiros Farms Address of Hauling Company/Person: Cily re (559) 906-1406 Name Phone Number 12'l 37 S Hughes Ave Caruthers CA 93609 Number and Street Contact Person: Manuel Medeiros DESTINATION INFORMATION Composting Facility i Broker / Farmer / Other (identify): Farmer Contact information of Composting Facility, Broker, Farmer, or Other (as identified above) Medeiros Farms (559) 867-8876 Name Phone Number 12137 S Hughes Ave 93609 Address Caruthers CA City State Zip Code Destination Address or Assassor's Parcel Number Caruthers 93609 Address Cily Zip Code HU hes Fresno County Street and nearest cross street (if no address)Assesso/s Parcel Numb6r Assesso/s Parcl Number County Last date hauled: 1010212024","Cily re (559) 906-1406 Name Phone Number 12'l 37 S Hughes Ave Caruthers CA 93609 Number and Street Contact Person: Manuel Medeiros DESTINATION INFORMATION Composting Facility i Broker / Farmer / Other (identify): Farmer Contact information of Composting Facility, Broker, Farmer, or Other (as identified above) Medeiros Farms (559) 867-8876 Name Phone Number 12137 S Hughes Ave 93609 Address Caruthers CA City State Zip Code Destination Address or Assassor's Parcel Number Caruthers 93609 Address Cily Zip Code HU hes Fresno County Street and nearest cross street (if no address)Assesso/s Parcel Numb6r Assesso/s Parcl Number County Last date hauled: 1010212024",Phone Number 12137 S Hughes Ave 93609 Address Caruthers CA City State Zip Code,"AJ Slenders 559 273-9112 Narne mber I\,IANURE HAULER INFORI\ilATlON Name of Hauling Company/Person: N,ledeiros Farms Address of Hauling Company/Person: Cily re (559) 906-1406 Name Phone Number 12'l 37 S Hughes Ave Caruthers CA 93609 Number and Street Contact Person: Manuel Medeiros DESTINATION INFORMATION Composting Facility i Broker / Farmer / Other (identify): Farmer Contact information of Composting Facility, Broker, Farmer, or Other (as identified above) Medeiros Farms (559) 867-8876 Name Phone Number 12137 S Hughes Ave 93609 Address Caruthers CA City State Zip Code Destination Address or Assassor's Parcel Number Caruthers 93609 Address Cily Zip Code HU hes Fresno County Street and nearest cross street (if no address)Assesso/s Parcel Numb6r Assesso/s Parcl Number County Last date hauled: 1010212024",i Broker / Farmer / Other (identify): Farmer,,,,,,,57.3 %,,2024AR_AJ Selnders Dairy_625 E Coleman Ave_Fresno,1
625 E Coleman AVE,625 E Coleman AVE,,/Person 625 E Coleman AVE,PhtneNumber,AJ Slenders,/ Broker / Farmer / Other (identify): Farmer,,,,,,,,,2024AR_AJ Selnders Dairy_625 E Coleman Ave_Fresno,2
625 E Coleman AVE,625 E Coleman AVE,,,,"10044 Flint AVE, Hanford, CA 93230",,,,,,,,,,2024AR_AJ Selnders Dairy_625 E Coleman Ave_Fresno,3
,625 E Coleman AVE,,/Person 625 E Coleman AVE,625 E Coleman AVE,"Fresno, 93242",", Broker, Farmr, or Othr (as idsntified above): N6no Ag",Laton,,,,,,,,2024AR_AJ Selnders Dairy_625 E Coleman Ave_Fresno,4
18541 S FruitAVE Riverdale Fresno 93656 Number and Street Contact Person Name and Phone Number: John ame City County Zip code Se 559 352-0608 Number PROCESS WASTEWATER,John ame City County Zip code Se 559 352-0608 Number PROCESS WASTEWATER,Black Diamond Address of Hauling Company/Person '18607 Fruit AVE Riverdale CA 93656 Number and Street City State Zip Code Contact Person: Johnny Serpa (559) 3s2-0608 Name Pl]one Number,Johnny Serpa (559) 3s2-0608 Name Pl]one Number,"Riverdale Address 93656 0it, Zip eode Fruit Fresno County Assossor's Parcel Number Assessor's Parcel Number County Last date hauled: 0511012024","John ame City County Zip code Se 559 352-0608 Number PROCESS WASTEWATER HAULER INFORMATION Name of Hauling Company/Person: Black Diamond Address of Hauling Company/Person '18607 Fruit AVE Riverdale CA 93656 Number and Street City State Zip Code Contact Person: Johnny Serpa (559) 3s2-0608 Name Pl]one Number DESTINATION INFORMATION Composting Facility / Broker / Farmer / Other (identify): Farmer Contact information of Composting Facility, Broker, Farmer, or Other (as identified above) Paul Singh (559) 352-0608 Name '18607 Fruit Riverdale CA ------------TFone NumEer 93656 Address City State Zip Code Deslination Address or Assessor's Parcel Number: Riverdale Address 93656 0it, Zip eode Fruit Fresno County Assossor's Parcel Number Assessor's Parcel Number County Last date hauled: 0511012024",/ Broker / Farmer / Other (identify): Farmer,0511012024,,,,,,,,2024AR_Black Diamond Dairy_18789 S Fruit Ave_Fresno,1
Btack Diamond Dairy Facility Address; 18541 S Fruit AVE,; 18541 S Fruit AVE,,/Pe6on 19721 Exceslsior,,"Riverdale, 93656",/ BIoker / Farmer / Other (identify): Farmer,Riverdale,,,,,,,,2024AR_Black Diamond Dairy_18789 S Fruit Ave_Fresno,2
,'18541 S Fruit AVE,,'1 0044 Flint Ave,,"Riverdale, CA 93656",/ Broker i Farmer / Other (identify): Farmer,Mike Smith ame 1755 Mt.,,,,,,,"to determine the amount Process Wastewater 2,519 000 gallons",2024AR_Black Diamond Dairy_18789 S Fruit Ave_Fresno,3
,"Riverdale, 93656",,Contact Person: Johnny Serpa,,or Assessor's Parcel Numberl,"/ Other (identify): Farmer Contact information of Composting Facility, Broker, Farmer, or Other (as identified abovs) EeU sr!s!'",l,1011512024,,,,,,,2024AR_Black Diamond Dairy_18789 S Fruit Ave_Fresno,4
,10772,"I Mucillo, Trucking,","7182, 22nd, Ave",Number and Street City Zip Code hone Number Manure/Process Wastewater,Assessor's Parcel Number,/ Broker / Farmer / Other (identify) Farmer,,,,,,,,,2024AR_L & J Vanderham Dairy_10772 W Mt. Whitney Ave_Fresno,1
Pacheco Dairy Inc.,1108 N. Plumas,,,Number and Street,"1395 N. Madera Avenue, Kerman, 93630",/ Broker /(Farmer) Other (identify),,"bbly 13, 2009 + Ockbly 134, 2009 <",,,,,AM AM (,,2024AR_Pacheco Dairy_1108 N Plumas Ave_Fresno,1
1108 N. Plumas,Kerman,,,Number and Street,"1395 N. Madera Avenue, Kerman, 45450",/ Broker /(Farmer) Other (identify),,"DCHOLL SL, 2094.",,,,,145.07,,2024AR_Pacheco Dairy_1108 N Plumas Ave_Fresno,2
Pacheco Dairy Inc.,Kerman,,,Number and Street,"1395 N. Madera Avenue, Kerman, 93630",/ Broker /(Farmer) Other (identify),,WONUWOR /  19. 2024.,,,,,,,2024AR_Pacheco Dairy_1108 N Plumas Ave_Fresno,3
1108 N. Plumas,93630,,,,"1395 N. Madera Avenue, Kerman, 93630",/ Broker /(Farmer/ Other (identify),,"NONMORY 57, 909A",,,,,"[ 2 ] , '",,2024AR_Pacheco Dairy_1108 N Plumas Ave_Fresno,4
"Pacheco Dairy Inc ,",Kerman,,,Number and Street,"1395 N. Madera Avenue, Kerman, 93630",/ Broker /(Farmer) Other (identify),,"()CAPIL ( 30, 3034)",,,,,11/11 - 11 - Tong or Cubic Yards (indicate which units used),,2024AR_Pacheco Dairy_1108 N Plumas Ave_Fresno,5
Pacheco Dairy Inc.,1108 N. Plumas,,,Number and Street,"1395 N. Madera Avenue, Kerman, 93630",/ Broker /(Farmer) Other (identify),,"DRCL MALL 33, 2034 +  Dicumber 30, 3034",,,,,5 ( 1 . 2 - (,,2024AR_Pacheco Dairy_1108 N Plumas Ave_Fresno,6
13701 S Hwy 59 El Nido,13701 S Hwy 59 El Nido,,"24662 Road 9, Chowchilla, CA 93610",(209) 777-9084,"1234 McNamara RD Address, Chowchilla, CA",/ Broker / Farmer / Other (identify):,Address,,,,,,27.3 %,,13701 S Hwy 59 El Nido 2024 Dairy AR,1
13701 S Hwy 59 El Nido,13701 S Hwy 59 El Nido,,"24662 Road 9, Chowchilla, CA 93610",(209) 777-9084,"1234 McNamara RD Address, Chowchilla, CA",/ Broker / Farmer / Other (identify):,Address,,,,,,27.3 %,,13701 S Hwy 59 El Nido 2024 Dairy AR,2
13701 S Hwy 59 El Nido,13701 S Hwy 59 El Nido,,"13625 Coyote RD, CA 95317",(209) 564-2431,95317,/ Broker / Farmer / Other (identify):,13625 Coyote RD,,,,,,35.6 %,,13701 S Hwy 59 El Nido 2024 Dairy AR,3
13701 S Hwy 59 El Nido,13701 S Hwy 59 El Nido,,"24662 Road 9, Chowchilla, CA 93610",(209) 777-9084,"1234 McNamara RD Address, Chowchilla, CA",/ Broker / Farmer / Other (identify):,Address,,,,,,95.5 %,,13701 S Hwy 59 El Nido 2024 Dairy AR,4
13701 S Hwy 59 El Nido,13701 S Hwy 59 El Nido,,"24662 Road 9, Chowchilla, CA 93610",(209) 777-9084,"1234 McNamara RD Address, Chowchilla, CA",/ Broker / Farmer / Other (identify):,Address,,,,,,35.6 %,,13701 S Hwy 59 El Nido 2024 Dairy AR,5
,_1500 W. Fulkerth Rd.,,,Manure/Process Wastewater,City Zip Code Assessor's Parcel Number,/ Broker// Farmer)/ Other (identify) __,"Hl 022-035-012, 022-035-006, 022-036-018, 022-036-019,022-036-016,022-033-006, 022-033-007, 022-033-008, 022-034-011, 022-034-013, 022-034-014, 022-034-015, 022-034-016, 022-034-017, 022-036-023,022-033-002, 022-034-004 Number and Street City Zip Code Assessor's Parcel Number",,,,,,,,1500 Fulkerth Rd Crows Landing 2024 Dairy AR,1
_________________________________________________________,City Zip Code,________________________________________________ Address of Hauling Company /Person:________________________________________________________,City Zip Code,,or Assessor's Parcel Number:,/ Other (identify) _________________ (please circle one),,,,,,,______________________________,,1763 S Hewitt Rd Linden 2024 Dairy AR,1
_________________________________________________________,City Zip Code,________________________________________________ Address of Hauling Company /Person:________________________________________________________,City Zip Code,,or Assessor's Parcel Number:,/ Other (identify) _________________ (please circle one),,,,,,,______________________________,,1763 S Hewitt Rd Linden 2024 Dairy AR,2
,"4419 S. Faith Home RD, Turlock, CA 95380",,,,or Assessor's Parcel Number:,/ Other (identify) _________________ (please circle one),,,,,,,______________________________,,4419 S Faith Home Rd Turlock 2024 Dairy AR,1
,,,,Number and Street City Zip Code Phone Number Manure/Process Wastewater,City Zip Code Assessor's Parcel Number,,,_________________________________________________________________,,,,,______________________________,,4419 S Faith Home Rd Turlock 2024 Dairy AR,2
,,,,Number and Street City Manure/Process Wastewater,City Zip Code Assessor's Parcel Number,/ Broker / Farmer / Other (identify)  Compost Facility,,,,,,,,,17265 Swanson Rd Delhi 2024 Dairy AR,1
,,,,,or Assessor's Parcel Number:,/ Other (identify) _________________ (please circle one),,,,,,,______________________________,,11301 W Bradbury Rd Turlock 2024 Dairy AR,1
,,,,Number and Street City Zip Code Phone Number Manure/Process Wastewater,City Merced County X045-X013-XXXX,/ Broker / Farmer / Other (identify) Farmer,,"3/19/24, 7/11/24, 7/24/24, & 8/9/24",,,,,,,"5837 Hultberg RD, Turlock 2024 Dairy AR",1
,,,,Number and Street City Zip Code Phone Number Manure/Process Wastewater,City Stanislaus County X057-X017-XXXX,/ Broker / Farmer / Other (identify)  Farmer,,,,,,,,,"5837 Hultberg RD, Turlock 2024 Dairy AR",2
,,,,City Phone Number Manure/Process Wastewater,Gustine 95322 City Zip Code Assessor's Parcel Number 10/14/24,/ Broker / Farmer / Other (identify)  Broker,,,,,,,,,"5837 Hultberg RD, Turlock 2024 Dairy AR",3
,"22338 Short Road, Hilmar, CA 95324",,,,or Assessor's Parcel Number:,/ Other (identify) _________________ (please circle one),,,,,,,______________________________,,"22338 Short Rd, Hilmar 2024 Dairy AR",1
,"5600 Clayton Road, Turlock, CA 95380",,,,or Assessor's Parcel Number:,/ Other (identify) _________________ (please circle one),,,,,,,______________________________,,"5600 Clayton Rd, Turlock 2024 Dairy AR",1
,"5600 Clayton Road, Turlock, CA 95380",,,,or Assessor's Parcel Number:,/ Other (identify) _________________ (please circle one),,,,,,,______________________________,,"5600 Clayton Rd, Turlock 2024 Dairy AR",2
,"18254 N. First Street, Stevinson, CA 95374",,,,or Assessor's Parcel Number:,/ Other (identify) _________________ (please circle one),,,,,,,______________________________,,"18254 N. First Ave, Stevinson 2024 Dairy AR",1
,"18254 N. First Street, Stevinson, CA 95374",,,,or Assessor's Parcel Number:,/ Other (identify) _________________ (please circle one),,,,,,,______________________________,,"18254 N. First Ave, Stevinson 2024 Dairy AR",2
,,,,,or Assessor's Parcel Number:,/ Other (identify) _________________ (please circle one),,,,,,,______________________________,,3645 W Bradshaw Rd Atwater 2024 Dairy AR,1
,,,,Number and Street City Zip Code Number and Street,,/ Broker / Farmer / Other (identify)   ( 'o 'm P o S ' C,,,,,,,,,2024AR_Cream Top Dairy_13075 Ave 200_Tulare,1
